filename,artist,title,duration_seconds,cover_path,decided_by
A.R. Rahman - Tango For Taj.mp3,A.R. Rahman,Tango For Taj,178.536,P:\Web Development\Audora\frontend\public\songs\covers\A.R._Rahman_-_Tango_For_Taj.jpg,tags
A.R. Rahman - The Dichotomy Of Fame.mp3,A.R. Rahman,The Dichotomy Of Fame,160.536,P:\Web Development\Audora\frontend\public\songs\covers\A.R._Rahman_-_The_Dichotomy_Of_Fame.jpg,tags
"A.R. Rahman, Chinmayi, Murtuza Khan, Qadir Khan - Tere Bina.mp3",A.R. Rahman/Chinmayi/Murtuza Khan/Qadir Khan,Tere Bina,309.672,P:\Web Development\Audora\frontend\public\songs\covers\A.R._Rahman__Chinmayi__Murtuza_Khan__Qadir_Khan_-_Tere_Bina.jpg,tags
"A.R. Rahman, Lata Mangeshkar - Luka Chuppi.mp3",A.R. Rahman/Lata Mangeshkar,Luka Chuppi,396.552,P:\Web Development\Audora\frontend\public\songs\covers\A.R._Rahman__Lata_Mangeshkar_-_Luka_Chuppi.jpg,tags
"A.R. Rahman, Mohit Chauhan - Nadaan Parinde.mp3",A.R. Rahman/Mohit Chauhan,Nadaan Parinde,384.024,P:\Web Development\Audora\frontend\public\songs\covers\A.R._Rahman__Mohit_Chauhan_-_Nadaan_Parinde.jpg,tags
"A.R. Rahman, Rabbi, Gulzar - Challa.mp3",A.R. Rahman/Rabbi/Gulzar,Challa,320.04,P:\Web Development\Audora\frontend\public\songs\covers\A.R._Rahman__Rabbi__Gulzar_-_Challa.jpg,tags
"AP Dhillon, Shreya Ghoshal - Thodi Si Daaru.mp3",AP Dhillon/Shreya Ghoshal,Thodi Si Daaru,180.288,P:\Web Development\Audora\frontend\public\songs\covers\AP_Dhillon__Shreya_Ghoshal_-_Thodi_Si_Daaru.jpg,tags
"Aastha Gill, Sachin Sanghvi, Jigar Saraiya, Divya Kumar - Kamariya.mp3",Aastha Gill/Sachin Sanghvi/Jigar Saraiya/Divya Kumar,Kamariya,188.208,P:\Web Development\Audora\frontend\public\songs\covers\Aastha_Gill__Sachin_Sanghvi__Jigar_Saraiya__Divya_Kumar_-_Kamariya.jpg,tags
"Abhijeet, Shreya Ghoshal - Dil Kaa Jo Haal Hai.mp3",Abhijeet/Shreya Ghoshal,Dil Kaa Jo Haal Hai,302.64,P:\Web Development\Audora\frontend\public\songs\covers\Abhijeet__Shreya_Ghoshal_-_Dil_Kaa_Jo_Haal_Hai.jpg,tags
Adele - Skyfall.mp3,Adele,Skyfall,286.512,P:\Web Development\Audora\frontend\public\songs\covers\Adele_-_Skyfall.jpg,tags
Aditya A - Awaargi.mp3,Aditya A,Awaargi,61.536,P:\Web Development\Audora\frontend\public\songs\covers\Aditya_A_-_Awaargi.jpg,tags
Aditya A - Chaand Baaliyan.mp3,Aditya A,Chaand Baaliyan,103.296,P:\Web Development\Audora\frontend\public\songs\covers\Aditya_A_-_Chaand_Baaliyan.jpg,tags
Aditya Rikhari - Sahiba.mp3,Aditya Rikhari,Sahiba,190.128,P:\Web Development\Audora\frontend\public\songs\covers\Aditya_Rikhari_-_Sahiba.jpg,tags
Ajay-Atul - Zingaat.mp3,Ajay-Atul,Zingaat,226.536,P:\Web Development\Audora\frontend\public\songs\covers\Ajay-Atul_-_Zingaat.jpg,tags
"Ajay-Atul, Chinmayi - Mera Naam Mary (From 'Brothers').mp3",Ajay-Atul/Chinmayi,"Mera Naam Mary (From ""Brothers"")",311.184,P:\Web Development\Audora\frontend\public\songs\covers\Ajay-Atul__Chinmayi_-_Mera_Naam_Mary__From__Brothers__.jpg,tags
"Akhil Sachdeva, Tulsi Kumar, Kumaar - Tera Ban Jaunga.mp3",Akhil Sachdeva/Tulsi Kumar/Kumaar,Tera Ban Jaunga,236.472,P:\Web Development\Audora\frontend\public\songs\covers\Akhil_Sachdeva__Tulsi_Kumar__Kumaar_-_Tera_Ban_Jaunga.jpg,tags
"Akhil, Dhvani Bhanushali, Kunaal Vermaa, Abhijit Vaghani - Duniyaa (From 'Luka Chuppi').mp3",Akhil/Dhvani Bhanushali/Kunaal Vermaa/Abhijit Vaghani,"Duniyaa (From ""Luka Chuppi"")",222.528,P:\Web Development\Audora\frontend\public\songs\covers\Akhil__Dhvani_Bhanushali__Kunaal_Vermaa__Abhijit_Vaghani_-_Duniyaa__From__Luka_Chuppi__.jpg,tags
"Alka Yagnik, Arijit Singh - Agar Tum Saath Ho.mp3",Alka Yagnik/Arijit Singh,Agar Tum Saath Ho,341.088,P:\Web Development\Audora\frontend\public\songs\covers\Alka_Yagnik__Arijit_Singh_-_Agar_Tum_Saath_Ho.jpg,tags
"Anirudh Ravichander, Arijit Singh, Shilpa Rao, Kumaar - Chaleya (From 'Jawan').mp3",Anirudh Ravichander/Arijit Singh/Shilpa Rao/Kumaar,"Chaleya (From ""Jawan"")",200.4,P:\Web Development\Audora\frontend\public\songs\covers\Anirudh_Ravichander__Arijit_Singh__Shilpa_Rao__Kumaar_-_Chaleya__From__Jawan__.jpg,tags
Ankit Tiwari - Sunn Raha Hai (Male Version).mp3,Ankit Tiwari,Sunn Raha Hai (Male Version),390.264,P:\Web Development\Audora\frontend\public\songs\covers\Ankit_Tiwari_-_Sunn_Raha_Hai__Male_Version_.jpg,tags
Anubha Bajaj - Lamhey.mp3,Anubha Bajaj,Lamhey,148.992,P:\Web Development\Audora\frontend\public\songs\covers\Anubha_Bajaj_-_Lamhey.jpg,tags
"Anurag Saikia, Raj Shekhar, Romy, Amarabha Banerjee, Varun Jain, Madhubanti Bagchi, Mismatched - Cast - Ishq Hai.mp3",Anurag Saikia/Raj Shekhar/Romy/Amarabha Banerjee/Varun Jain/Madhubanti Bagchi/Mismatched - Cast,Ishq Hai,312.888,P:\Web Development\Audora\frontend\public\songs\covers\Anurag_Saikia__Raj_Shekhar__Romy__Amarabha_Banerjee__Varun_Jain__Madhubanti_Bagchi__Mismatched_-_Cast_-_Ishq_Hai.jpg,tags
Anuv Jain - Alag Aasmaan.mp3,Anuv Jain,Alag Aasmaan,212.784,P:\Web Development\Audora\frontend\public\songs\covers\Anuv_Jain_-_Alag_Aasmaan.jpg,tags
Anuv Jain - Baarishein.mp3,Anuv Jain,Baarishein,207.36,P:\Web Development\Audora\frontend\public\songs\covers\Anuv_Jain_-_Baarishein.jpg,tags
Anuv Jain - Gul.mp3,Anuv Jain,Gul,217.296,P:\Web Development\Audora\frontend\public\songs\covers\Anuv_Jain_-_Gul.jpg,tags
"Aparshakti Khurana, Neeti Mohan - Kudiye Ni.mp3",Aparshakti Khurana/Neeti Mohan,Kudiye Ni,204.936,P:\Web Development\Audora\frontend\public\songs\covers\Aparshakti_Khurana__Neeti_Mohan_-_Kudiye_Ni.jpg,tags
Arctic Monkeys - I Wanna Be Yours.mp3,Arctic Monkeys,I Wanna Be Yours,183.984,P:\Web Development\Audora\frontend\public\songs\covers\Arctic_Monkeys_-_I_Wanna_Be_Yours.jpg,tags
Arijit Singh - Main Dhoondne Ko Zamaane Mein (From 'Heartless').mp3,Arijit Singh,"Main Dhoondne Ko Zamaane Mein (From ""Heartless"")",263.016,P:\Web Development\Audora\frontend\public\songs\covers\Arijit_Singh_-_Main_Dhoondne_Ko_Zamaane_Mein__From__Heartless__.jpg,tags
Arijit Singh - Main Dhoondne Ko Zamaane Mein.mp3,Arijit Singh,Main Dhoondne Ko Zamaane Mein,263.016,P:\Web Development\Audora\frontend\public\songs\covers\Arijit_Singh_-_Main_Dhoondne_Ko_Zamaane_Mein.jpg,tags
Arijit Singh - Palat - Tera Hero Idhar Hai (From 'Main Tera Hero').mp3,Arijit Singh,"Palat - Tera Hero Idhar Hai (From ""Main Tera Hero"")",270.72,P:\Web Development\Audora\frontend\public\songs\covers\Arijit_Singh_-_Palat_-_Tera_Hero_Idhar_Hai__From__Main_Tera_Hero__.jpg,tags
Arijit Singh - Uska Hi Banana (From '1920 Evil Returns').mp3,Arijit Singh,"Uska Hi Banana (From ""1920 Evil Returns"")",327.072,P:\Web Development\Audora\frontend\public\songs\covers\Arijit_Singh_-_Uska_Hi_Banana__From__1920_Evil_Returns__.jpg,tags
"Arijit Singh, Chinmayi - Mast Magan (From '2 States').mp3",Arijit Singh/Chinmayi,"Mast Magan (From ""2 States"")",280.2,P:\Web Development\Audora\frontend\public\songs\covers\Arijit_Singh__Chinmayi_-_Mast_Magan__From__2_States__.jpg,tags
"Arijit Singh, Chinmayi - Mast Magan.mp3",Arijit Singh/Chinmayi,Mast Magan,280.2,P:\Web Development\Audora\frontend\public\songs\covers\Arijit_Singh__Chinmayi_-_Mast_Magan.jpg,tags
"Arijit Singh, Harshdeep Kaur - Zaalima.mp3",Arijit Singh/Harshdeep Kaur,Zaalima,299.376,P:\Web Development\Audora\frontend\public\songs\covers\Arijit_Singh__Harshdeep_Kaur_-_Zaalima.jpg,tags
"Arijit Singh, Mithoon - Humdard.mp3",Arijit Singh/Mithoon,Humdard,260.616,P:\Web Development\Audora\frontend\public\songs\covers\Arijit_Singh__Mithoon_-_Humdard.jpg,tags
"Arijit Singh, Mithoon - Tujhe Kitna Chahne Lage (From 'Kabir Singh').mp3",Arijit Singh/Mithoon,"Tujhe Kitna Chahne Lage (From ""Kabir Singh"")",284.808,P:\Web Development\Audora\frontend\public\songs\covers\Arijit_Singh__Mithoon_-_Tujhe_Kitna_Chahne_Lage__From__Kabir_Singh__.jpg,tags
"Arijit Singh, Mithoon - Tujhe Kitna Chahne Lage.mp3",Arijit Singh/Mithoon,Tujhe Kitna Chahne Lage,284.808,P:\Web Development\Audora\frontend\public\songs\covers\Arijit_Singh__Mithoon_-_Tujhe_Kitna_Chahne_Lage.jpg,tags
"Arijit Singh, Neha Kakkar, Meet Bros. - Main Tera Boyfriend (From 'Raabta').mp3",Arijit Singh/Neha Kakkar/Meet Bros.,"Main Tera Boyfriend (From ""Raabta"")",276.192,P:\Web Development\Audora\frontend\public\songs\covers\Arijit_Singh__Neha_Kakkar__Meet_Bros._-_Main_Tera_Boyfriend__From__Raabta__.jpg,tags
"Arijit Singh, Ram Sampath, Prashant Pandey - Sajni.mp3",Arijit Singh/Ram Sampath/Prashant Pandey,Sajni,170.088,P:\Web Development\Audora\frontend\public\songs\covers\Arijit_Singh__Ram_Sampath__Prashant_Pandey_-_Sajni.jpg,tags
"Arijit Singh, Shreyas Puranik, Siddharth - Garima - Satranga (From 'ANIMAL').mp3",Arijit Singh/Shreyas Puranik/Siddharth - Garima,"Satranga (From ""ANIMAL"")",271.2,P:\Web Development\Audora\frontend\public\songs\covers\Arijit_Singh__Shreyas_Puranik__Siddharth_-_Garima_-_Satranga__From__ANIMAL__.jpg,tags
"Arijit Singh, Shreyas Puranik, Siddharth - Garima - Satranga.mp3",Arijit Singh/Shreyas Puranik/Siddharth - Garima,Satranga,271.2,P:\Web Development\Audora\frontend\public\songs\covers\Arijit_Singh__Shreyas_Puranik__Siddharth_-_Garima_-_Satranga.jpg,tags
"Arijit Singh, Sunidhi Chauhan - Dilliwaali Girlfriend.mp3",Arijit Singh/Sunidhi Chauhan,Dilliwaali Girlfriend,260.592,P:\Web Development\Audora\frontend\public\songs\covers\Arijit_Singh__Sunidhi_Chauhan_-_Dilliwaali_Girlfriend.jpg,tags
Armaan Malik - Bol Do Na Zara.mp3,Armaan Malik,Bol Do Na Zara,292.872,P:\Web Development\Audora\frontend\public\songs\covers\Armaan_Malik_-_Bol_Do_Na_Zara.jpg,tags
Armaan Malik - Buttabomma.mp3,Armaan Malik,Buttabomma,198.84,P:\Web Development\Audora\frontend\public\songs\covers\Armaan_Malik_-_Buttabomma.jpg,tags
Armaan Malik - Dil Mein Ho Tum.mp3,Armaan Malik,Dil Mein Ho Tum,326.808,P:\Web Development\Audora\frontend\public\songs\covers\Armaan_Malik_-_Dil_Mein_Ho_Tum.jpg,tags
Armaan Malik - Jab Tak.mp3,Armaan Malik,Jab Tak,174.072,P:\Web Development\Audora\frontend\public\songs\covers\Armaan_Malik_-_Jab_Tak.jpg,tags
Armaan Malik - Main Rahoon Ya Na Rahoon.mp3,Armaan Malik,Main Rahoon Ya Na Rahoon,319.752,P:\Web Development\Audora\frontend\public\songs\covers\Armaan_Malik_-_Main_Rahoon_Ya_Na_Rahoon.jpg,tags
"Armaan Malik, Amaal Mallik, Manoj Muntashir - Jab Tak.mp3",Armaan Malik/Amaal Mallik/Manoj Muntashir,Jab Tak,174.072,P:\Web Development\Audora\frontend\public\songs\covers\Armaan_Malik__Amaal_Mallik__Manoj_Muntashir_-_Jab_Tak.jpg,tags
"Armaan Malik, Amaal Mallik, Rashmi Virag - Bol Do Na Zara.mp3",Armaan Malik/Amaal Mallik/Rashmi Virag,Bol Do Na Zara,292.872,P:\Web Development\Audora\frontend\public\songs\covers\Armaan_Malik__Amaal_Mallik__Rashmi_Virag_-_Bol_Do_Na_Zara.jpg,tags
"Armaan Malik, Baman, Manoj Muntashir - Wajah Tum Ho.mp3",Armaan Malik/Baman/Manoj Muntashir,Wajah Tum Ho,357.672,P:\Web Development\Audora\frontend\public\songs\covers\Armaan_Malik__Baman__Manoj_Muntashir_-_Wajah_Tum_Ho.jpg,tags
"Armaan Malik, Kunaal Vermaa - Chale Aana.mp3",Armaan Malik/Kunaal Vermaa,Chale Aana,271.056,P:\Web Development\Audora\frontend\public\songs\covers\Armaan_Malik__Kunaal_Vermaa_-_Chale_Aana.jpg,tags
"Armaan Malik, Shraddha Kapoor - Sab Tera.mp3",Armaan Malik/Shraddha Kapoor,Sab Tera,228.144,P:\Web Development\Audora\frontend\public\songs\covers\Armaan_Malik__Shraddha_Kapoor_-_Sab_Tera.jpg,tags
"Armaan Malik, Vishal Mishra, Irshad Kamil - Pehla Pyaar.mp3",Armaan Malik/Vishal Mishra/Irshad Kamil,Pehla Pyaar,272.568,P:\Web Development\Audora\frontend\public\songs\covers\Armaan_Malik__Vishal_Mishra__Irshad_Kamil_-_Pehla_Pyaar.jpg,tags
Asha Bhosle - In Ankhon Ki Masti.mp3,Asha Bhosle,In Ankhon Ki Masti,343.488,P:\Web Development\Audora\frontend\public\songs\covers\Asha_Bhosle_-_In_Ankhon_Ki_Masti.jpg,tags
"Asha Bhosle, Abhijeet - Zara Sa Jhoom Loon Main.mp3",Asha Bhosle/Abhijeet,Zara Sa Jhoom Loon Main,352.968,P:\Web Development\Audora\frontend\public\songs\covers\Asha_Bhosle__Abhijeet_-_Zara_Sa_Jhoom_Loon_Main.jpg,tags
"Asha Bhosle, Kishore Kumar - Dhoop Mein Nikla Na Karo - From 'Geraftaar'.mp3",Asha Bhosle/Kishore Kumar,"Dhoop Mein Nikla Na Karo - From ""Geraftaar""",281.208,P:\Web Development\Audora\frontend\public\songs\covers\Asha_Bhosle__Kishore_Kumar_-_Dhoop_Mein_Nikla_Na_Karo_-_From__Geraftaar_.jpg,tags
"Asha Bhosle, Kishore Kumar, Ravi - Yeh Raaten Yeh Mausam.mp3",Asha Bhosle/Kishore Kumar/Ravi,Yeh Raaten Yeh Mausam,207.144,P:\Web Development\Audora\frontend\public\songs\covers\Asha_Bhosle__Kishore_Kumar__Ravi_-_Yeh_Raaten_Yeh_Mausam.jpg,tags
"Asha Bhosle, Kishore Kumar, Vaibhav Singh Music - Intaha Ho Gai Intezar Ki - Remix.mp3",Asha Bhosle/Kishore Kumar/Vaibhav Singh Music,Intaha Ho Gai Intezar Ki - Remix,173.256,P:\Web Development\Audora\frontend\public\songs\covers\Asha_Bhosle__Kishore_Kumar__Vaibhav_Singh_Music_-_Intaha_Ho_Gai_Intezar_Ki_-_Remix.jpg,tags
"Asha Bhosle, Mohammed Rafi - Abhi Na Jao Chhod Kar.mp3",Asha Bhosle/Mohammed Rafi,Abhi Na Jao Chhod Kar,258.432,P:\Web Development\Audora\frontend\public\songs\covers\Asha_Bhosle__Mohammed_Rafi_-_Abhi_Na_Jao_Chhod_Kar.jpg,tags
"Asha Bhosle, Mohammed Rafi - Chura Liya Hai Tumne Jo Dil Ko.mp3",Asha Bhosle/Mohammed Rafi,Chura Liya Hai Tumne Jo Dil Ko,287.88,P:\Web Development\Audora\frontend\public\songs\covers\Asha_Bhosle__Mohammed_Rafi_-_Chura_Liya_Hai_Tumne_Jo_Dil_Ko.jpg,tags
"Asha Bhosle, Mohammed Rafi - Parda Hata Do.mp3",Asha Bhosle/Mohammed Rafi,Parda Hata Do,279.984,P:\Web Development\Audora\frontend\public\songs\covers\Asha_Bhosle__Mohammed_Rafi_-_Parda_Hata_Do.jpg,tags
"Asha Bhosle, Mohammed Rafi, R. D. Burman - Chura Liya Hai Tumne Jo Dil Ko.mp3",Asha Bhosle/Mohammed Rafi/R. D. Burman,Chura Liya Hai Tumne Jo Dil Ko,287.88,P:\Web Development\Audora\frontend\public\songs\covers\Asha_Bhosle__Mohammed_Rafi__R._D._Burman_-_Chura_Liya_Hai_Tumne_Jo_Dil_Ko.jpg,tags
"Asha Bhosle, Udit Narayan, Vaishali Samant, A.R. Rahman - Radha Kaise Na Jale.mp3",Asha Bhosle/Udit Narayan/Vaishali Samant/A.R. Rahman,Radha Kaise Na Jale,334.752,P:\Web Development\Audora\frontend\public\songs\covers\Asha_Bhosle__Udit_Narayan__Vaishali_Samant__A.R._Rahman_-_Radha_Kaise_Na_Jale.jpg,tags
"Atif Aslam, Chinmayi Sripaada, Pritam - Main Rang Sharbaton Ka.mp3",Atif Aslam/Chinmayi Sripaada/Pritam,Main Rang Sharbaton Ka,263.184,P:\Web Development\Audora\frontend\public\songs\covers\Atif_Aslam__Chinmayi_Sripaada__Pritam_-_Main_Rang_Sharbaton_Ka.jpg,tags
"Ayushmann Khurrana, Rochak Kohli - Pani Da Rang - Male Vocals.mp3",Ayushmann Khurrana/Rochak Kohli,Pani Da Rang - Male Vocals,239.376,P:\Web Development\Audora\frontend\public\songs\covers\Ayushmann_Khurrana__Rochak_Kohli_-_Pani_Da_Rang_-_Male_Vocals.jpg,tags
"Ayushmann Khurrana, Rochak Kohli - Pani Da Rang - Male.mp3",Ayushmann Khurrana/Rochak Kohli,Pani Da Rang - Male,239.376,P:\Web Development\Audora\frontend\public\songs\covers\Ayushmann_Khurrana__Rochak_Kohli_-_Pani_Da_Rang_-_Male.jpg,tags
"B Praak, Jaani - Mann Bharryaa 2.0 (From 'Shershaah').mp3",B Praak/Jaani,"Mann Bharryaa 2.0 (From ""Shershaah"")",266.04,P:\Web Development\Audora\frontend\public\songs\covers\B_Praak__Jaani_-_Mann_Bharryaa_2.0__From__Shershaah__.jpg,tags
BTS - Butter.mp3,BTS,Butter,164.472,P:\Web Development\Audora\frontend\public\songs\covers\BTS_-_Butter.jpg,tags
BTS - DNA.mp3,BTS,DNA,223.152,P:\Web Development\Audora\frontend\public\songs\covers\BTS_-_DNA.jpg,tags
BTS - Dynamite.mp3,BTS,Dynamite,205.752,P:\Web Development\Audora\frontend\public\songs\covers\BTS_-_Dynamite.jpg,tags
BTS - FAKE LOVE.mp3,BTS,FAKE LOVE,242.376,P:\Web Development\Audora\frontend\public\songs\covers\BTS_-_FAKE_LOVE.jpg,tags
BTS - Not Today.mp3,BTS,Not Today,231.888,P:\Web Development\Audora\frontend\public\songs\covers\BTS_-_Not_Today.jpg,tags
Badshah - She Move It Like.mp3,Badshah,She Move It Like,181.8,P:\Web Development\Audora\frontend\public\songs\covers\Badshah_-_She_Move_It_Like.jpg,tags
"Badshah, Asees Kaur, Jubin Nautiyal, Tanishk Bagchi - Akh Lad Jaave.mp3",Badshah/Asees Kaur/Jubin Nautiyal/Tanishk Bagchi,Akh Lad Jaave,180.216,P:\Web Development\Audora\frontend\public\songs\covers\Badshah__Asees_Kaur__Jubin_Nautiyal__Tanishk_Bagchi_-_Akh_Lad_Jaave.jpg,tags
"Benny Dayal, Neeti Mohan - Bang Bang.mp3",Benny Dayal/Neeti Mohan,Bang Bang,320.04,P:\Web Development\Audora\frontend\public\songs\covers\Benny_Dayal__Neeti_Mohan_-_Bang_Bang.jpg,tags
"Benny Dayal, Shalmali Kholgade, Pritam - Lat Lag Gayee.mp3",Benny Dayal/Shalmali Kholgade/Pritam,Lat Lag Gayee,280.416,P:\Web Development\Audora\frontend\public\songs\covers\Benny_Dayal__Shalmali_Kholgade__Pritam_-_Lat_Lag_Gayee.jpg,tags
"Bohemia, Sidhu Moose Wala - Same Beef.mp3",Bohemia/Sidhu Moose Wala,Same Beef,290.4,P:\Web Development\Audora\frontend\public\songs\covers\Bohemia__Sidhu_Moose_Wala_-_Same_Beef.jpg,tags
Bring Me The Horizon - Can You Feel My Heart.mp3,Bring Me The Horizon,Can You Feel My Heart,228.192,P:\Web Development\Audora\frontend\public\songs\covers\Bring_Me_The_Horizon_-_Can_You_Feel_My_Heart.jpg,tags
"Chaar Diwaari, Raftaar - Farebi.mp3",Chaar Diwaari/Raftaar,Farebi,234.696,P:\Web Development\Audora\frontend\public\songs\covers\Chaar_Diwaari__Raftaar_-_Farebi.jpg,tags
Coldplay - A Sky Full of Stars.mp3,Coldplay,A Sky Full of Stars,267.912,P:\Web Development\Audora\frontend\public\songs\covers\Coldplay_-_A_Sky_Full_of_Stars.jpg,tags
Coldplay - Adventure of a Lifetime.mp3,Coldplay,Adventure of a Lifetime,263.832,P:\Web Development\Audora\frontend\public\songs\covers\Coldplay_-_Adventure_of_a_Lifetime.jpg,tags
Coldplay - Clocks.mp3,Coldplay,Clocks,307.92,P:\Web Development\Audora\frontend\public\songs\covers\Coldplay_-_Clocks.jpg,tags
Coldplay - Fix You.mp3,Coldplay,Fix You,295.56,P:\Web Development\Audora\frontend\public\songs\covers\Coldplay_-_Fix_You.jpg,tags
Coldplay - Paradise.mp3,Coldplay,Paradise,278.76,P:\Web Development\Audora\frontend\public\songs\covers\Coldplay_-_Paradise.jpg,tags
Coldplay - Sparks.mp3,Coldplay,Sparks,227.136,P:\Web Development\Audora\frontend\public\songs\covers\Coldplay_-_Sparks.jpg,tags
Coldplay - The Scientist.mp3,Coldplay,The Scientist,309.624,P:\Web Development\Audora\frontend\public\songs\covers\Coldplay_-_The_Scientist.jpg,tags
Coldplay - Viva La Vida.mp3,Coldplay,Viva La Vida,241.536,P:\Web Development\Audora\frontend\public\songs\covers\Coldplay_-_Viva_La_Vida.jpg,tags
Coldplay - Yellow.mp3,Coldplay,Yellow,266.808,P:\Web Development\Audora\frontend\public\songs\covers\Coldplay_-_Yellow.jpg,tags
"Coldplay, The Chainsmokers - Something Just Like This - Tokyo Remix.mp3",Coldplay/The Chainsmokers,Something Just Like This - Tokyo Remix,273.024,P:\Web Development\Audora\frontend\public\songs\covers\Coldplay__The_Chainsmokers_-_Something_Just_Like_This_-_Tokyo_Remix.jpg,tags
Darshan Raval - Asal Mein.mp3,Darshan Raval,Asal Mein,224.28,P:\Web Development\Audora\frontend\public\songs\covers\Darshan_Raval_-_Asal_Mein.jpg,tags
Darshan Raval - Hawa Banke.mp3,Darshan Raval,Hawa Banke,172.032,P:\Web Development\Audora\frontend\public\songs\covers\Darshan_Raval_-_Hawa_Banke.jpg,tags
Darshan Raval - Mahiye Jinna Sohna.mp3,Darshan Raval,Mahiye Jinna Sohna,181.296,P:\Web Development\Audora\frontend\public\songs\covers\Darshan_Raval_-_Mahiye_Jinna_Sohna.jpg,tags
Darshan Raval - Mujhe Peene Do.mp3,Darshan Raval,Mujhe Peene Do,196.104,P:\Web Development\Audora\frontend\public\songs\covers\Darshan_Raval_-_Mujhe_Peene_Do.jpg,tags
Darshan Raval - Tera Zikr.mp3,Darshan Raval,Tera Zikr,208.536,P:\Web Development\Audora\frontend\public\songs\covers\Darshan_Raval_-_Tera_Zikr.jpg,tags
"Darshan Raval, Aditya Gadhvi, Hansika Pareek - Sajna.mp3",Darshan Raval/Aditya Gadhvi/Hansika Pareek,Sajna,224.712,P:\Web Development\Audora\frontend\public\songs\covers\Darshan_Raval__Aditya_Gadhvi__Hansika_Pareek_-_Sajna.jpg,tags
"Darshan Raval, Asees Kaur, Lijo George-Dj Chetas, Shabbir Ahmed - Chogada.mp3",Darshan Raval/Asees Kaur/Lijo George-Dj Chetas/Shabbir Ahmed,Chogada,249.768,P:\Web Development\Audora\frontend\public\songs\covers\Darshan_Raval__Asees_Kaur__Lijo_George-Dj_Chetas__Shabbir_Ahmed_-_Chogada.jpg,tags
"Darshan Raval, Jonita Gandhi, Rochak Kohli, Gurpreet Saini - Soni Soni (Lofi Mix).mp3",Darshan Raval/Jonita Gandhi/Rochak Kohli/Gurpreet Saini,Soni Soni (Lofi Mix),231.912,P:\Web Development\Audora\frontend\public\songs\covers\Darshan_Raval__Jonita_Gandhi__Rochak_Kohli__Gurpreet_Saini_-_Soni_Soni__Lofi_Mix_.jpg,tags
"Darshan Raval, Rochak Kohli, Jonita Gandhi, Gurpreet Saini - Preet Re - From 'Dhadak 2'.mp3",Darshan Raval/Rochak Kohli/Jonita Gandhi/Gurpreet Saini,"Preet Re - From ""Dhadak 2""",196.44,P:\Web Development\Audora\frontend\public\songs\covers\Darshan_Raval__Rochak_Kohli__Jonita_Gandhi__Gurpreet_Saini_-_Preet_Re_-_From__Dhadak_2_.jpg,tags
"Darshan Raval, Rochak Kohli, R. D. Burman - Ek Ladki Ko Dekha Toh Aisa Laga - Title Track.mp3",Darshan Raval/Rochak Kohli/R. D. Burman,Ek Ladki Ko Dekha Toh Aisa Laga - Title Track,155.208,P:\Web Development\Audora\frontend\public\songs\covers\Darshan_Raval__Rochak_Kohli__R._D._Burman_-_Ek_Ladki_Ko_Dekha_Toh_Aisa_Laga_-_Title_Track.jpg,tags
Dhanda Nyoliwala - Russian Bandana.mp3,Dhanda Nyoliwala,Russian Bandana,197.184,P:\Web Development\Audora\frontend\public\songs\covers\Dhanda_Nyoliwala_-_Russian_Bandana.jpg,tags
Dhanda Nyoliwala - Tension.mp3,Dhanda Nyoliwala,Tension,143.712,P:\Web Development\Audora\frontend\public\songs\covers\Dhanda_Nyoliwala_-_Tension.jpg,tags
"Dhvani Bhanushali, Nikhil D'Souza, Tanishk Bagchi - Vaaste.mp3",Dhvani Bhanushali/Nikhil D'Souza/Tanishk Bagchi,Vaaste,196.08,P:\Web Development\Audora\frontend\public\songs\covers\Dhvani_Bhanushali__Nikhil_D_Souza__Tanishk_Bagchi_-_Vaaste.jpg,tags
Dikshant - Aankhon Se Batana.mp3,Dikshant,Aankhon Se Batana,221.304,P:\Web Development\Audora\frontend\public\songs\covers\Dikshant_-_Aankhon_Se_Batana.jpg,tags
Diljit Dosanjh - Born to Shine.mp3,Diljit Dosanjh,Born to Shine,213.36,P:\Web Development\Audora\frontend\public\songs\covers\Diljit_Dosanjh_-_Born_to_Shine.jpg,tags
Diljit Dosanjh - Clash.mp3,Diljit Dosanjh,Clash,176.424,P:\Web Development\Audora\frontend\public\songs\covers\Diljit_Dosanjh_-_Clash.jpg,tags
Diljit Dosanjh - Don.mp3,Diljit Dosanjh,Don,202.512,P:\Web Development\Audora\frontend\public\songs\covers\Diljit_Dosanjh_-_Don.jpg,tags
Diljit Dosanjh - G.O.A.T..mp3,Diljit Dosanjh,G.O.A.T.,223.68,P:\Web Development\Audora\frontend\public\songs\covers\Diljit_Dosanjh_-_G.O.A.T..jpg,tags
Diljit Dosanjh - Kharku.mp3,Diljit Dosanjh,Kharku,225.048,P:\Web Development\Audora\frontend\public\songs\covers\Diljit_Dosanjh_-_Kharku.jpg,tags
Diljit Dosanjh - Lemonade.mp3,Diljit Dosanjh,Lemonade,166.704,P:\Web Development\Audora\frontend\public\songs\covers\Diljit_Dosanjh_-_Lemonade.jpg,tags
Diljit Dosanjh - Range.mp3,Diljit Dosanjh,Range,172.056,P:\Web Development\Audora\frontend\public\songs\covers\Diljit_Dosanjh_-_Range.jpg,tags
Diljit Dosanjh - Tension.mp3,Diljit Dosanjh,Tension,168.24,P:\Web Development\Audora\frontend\public\songs\covers\Diljit_Dosanjh_-_Tension.jpg,tags
"Diljit Dosanjh, Badshah - Proper Patola (From 'Proper Patola') (feat. Badshah).mp3",Diljit Dosanjh/Badshah,"Proper Patola (From ""Proper Patola"") (feat. Badshah)",150.672,P:\Web Development\Audora\frontend\public\songs\covers\Diljit_Dosanjh__Badshah_-_Proper_Patola__From__Proper_Patola____feat._Badshah_.jpg,tags
"Diljit Dosanjh, Badshah, Raj Ranjodh - Naina (From 'Crew').mp3",Diljit Dosanjh/Badshah/Raj Ranjodh,"Naina (From ""Crew"")",180.024,P:\Web Development\Audora\frontend\public\songs\covers\Diljit_Dosanjh__Badshah__Raj_Ranjodh_-_Naina__From__Crew__.jpg,tags
"Diljit Dosanjh, Badshah, Raj Ranjodh - Naina (Lofi Mix).mp3",Diljit Dosanjh/Badshah/Raj Ranjodh,Naina (Lofi Mix),167.664,P:\Web Development\Audora\frontend\public\songs\covers\Diljit_Dosanjh__Badshah__Raj_Ranjodh_-_Naina__Lofi_Mix_.jpg,tags
"Diljit Dosanjh, Intense, Sultaan - Lalkara.mp3",Diljit Dosanjh/Intense/Sultaan,Lalkara,160.536,P:\Web Development\Audora\frontend\public\songs\covers\Diljit_Dosanjh__Intense__Sultaan_-_Lalkara.jpg,tags
"Diljit Dosanjh, Jatinder Shah - 5 Taara.mp3",Diljit Dosanjh/Jatinder Shah,5 Taara,180.576,P:\Web Development\Audora\frontend\public\songs\covers\Diljit_Dosanjh__Jatinder_Shah_-_5_Taara.jpg,tags
"Diljit Dosanjh, Jatinder Shah - Laembadgini.mp3",Diljit Dosanjh/Jatinder Shah,Laembadgini,186.36,P:\Web Development\Audora\frontend\public\songs\covers\Diljit_Dosanjh__Jatinder_Shah_-_Laembadgini.jpg,tags
"Diljit Dosanjh, Jatinder Shah, Balvir Boparai - Happy Birthday.mp3",Diljit Dosanjh/Jatinder Shah/Balvir Boparai,Happy Birthday,162.36,P:\Web Development\Audora\frontend\public\songs\covers\Diljit_Dosanjh__Jatinder_Shah__Balvir_Boparai_-_Happy_Birthday.jpg,tags
"Diljit Dosanjh, thiarajxtt - Kinni Kinni.mp3",Diljit Dosanjh/thiarajxtt,Kinni Kinni,213.384,P:\Web Development\Audora\frontend\public\songs\covers\Diljit_Dosanjh__thiarajxtt_-_Kinni_Kinni.jpg,tags
"Dj Chetas, Neha Kakkar, Farhan Sabri - Bol Kaffara Kya Hoga.mp3",Dj Chetas/Neha Kakkar/Farhan Sabri,Bol Kaffara Kya Hoga,207.12,P:\Web Development\Audora\frontend\public\songs\covers\Dj_Chetas__Neha_Kakkar__Farhan_Sabri_-_Bol_Kaffara_Kya_Hoga.jpg,tags
Drake - God's Plan.mp3,Drake,God's Plan,199.008,P:\Web Development\Audora\frontend\public\songs\covers\Drake_-_God_s_Plan.jpg,tags
Drake - Headlines.mp3,Drake,Headlines,236.76,P:\Web Development\Audora\frontend\public\songs\covers\Drake_-_Headlines.jpg,tags
Drake - NOKIA.mp3,Drake,NOKIA,241.056,P:\Web Development\Audora\frontend\public\songs\covers\Drake_-_NOKIA.jpg,tags
Drake - Passionfruit.mp3,Drake,Passionfruit,298.968,P:\Web Development\Audora\frontend\public\songs\covers\Drake_-_Passionfruit.jpg,tags
Drake - What Did I Miss.mp3,Drake,What Did I Miss?,194.352,P:\Web Development\Audora\frontend\public\songs\covers\Drake_-_What_Did_I_Miss.jpg,tags
"Drake, Central Cee - Which One (feat. Central Cee).mp3",Drake/Central Cee,Which One (feat. Central Cee),169.176,P:\Web Development\Audora\frontend\public\songs\covers\Drake__Central_Cee_-_Which_One__feat._Central_Cee_.jpg,tags
"Drake, Chris Brown - Not You Too (feat. Chris Brown).mp3",Drake/Chris Brown,Not You Too (feat. Chris Brown),269.712,P:\Web Development\Audora\frontend\public\songs\covers\Drake__Chris_Brown_-_Not_You_Too__feat._Chris_Brown_.jpg,tags
Ed Sheeran - Azizam.mp3,Ed Sheeran,Azizam,162.072,P:\Web Development\Audora\frontend\public\songs\covers\Ed_Sheeran_-_Azizam.jpg,tags
Ed Sheeran - Perfect.mp3,Ed Sheeran,Perfect,265.392,P:\Web Development\Audora\frontend\public\songs\covers\Ed_Sheeran_-_Perfect.jpg,tags
Ed Sheeran - Sapphire.mp3,Ed Sheeran,Sapphire,179.112,P:\Web Development\Audora\frontend\public\songs\covers\Ed_Sheeran_-_Sapphire.jpg,tags
Ed Sheeran - Shape of You.mp3,Ed Sheeran,Shape of You,233.76,P:\Web Development\Audora\frontend\public\songs\covers\Ed_Sheeran_-_Shape_of_You.jpg,tags
Eminem - Mockingbird.mp3,Eminem,Mockingbird,250.8,P:\Web Development\Audora\frontend\public\songs\covers\Eminem_-_Mockingbird.jpg,tags
Eminem - Without Me.mp3,Eminem,Without Me,290.352,P:\Web Development\Audora\frontend\public\songs\covers\Eminem_-_Without_Me.jpg,tags
"Eminem, Dina Rae - Superman.mp3",Eminem/Dina Rae,Superman,350.352,P:\Web Development\Audora\frontend\public\songs\covers\Eminem__Dina_Rae_-_Superman.jpg,tags
"Eminem, Rihanna - Love The Way You Lie.mp3",Eminem/Rihanna,Love The Way You Lie,263.4,P:\Web Development\Audora\frontend\public\songs\covers\Eminem__Rihanna_-_Love_The_Way_You_Lie.jpg,tags
Emiway Bantai - Company.mp3,Emiway Bantai,Company,222.024,P:\Web Development\Audora\frontend\public\songs\covers\Emiway_Bantai_-_Company.jpg,tags
Emiway Bantai - Dubai Company.mp3,Emiway Bantai,Dubai Company,189.312,P:\Web Development\Audora\frontend\public\songs\covers\Emiway_Bantai_-_Dubai_Company.jpg,tags
Emiway Bantai - GUESS.mp3,Emiway Bantai,GUESS,168.864,P:\Web Development\Audora\frontend\public\songs\covers\Emiway_Bantai_-_GUESS.jpg,tags
Emiway Bantai - Machayenge.mp3,Emiway Bantai,Machayenge,152.184,P:\Web Development\Audora\frontend\public\songs\covers\Emiway_Bantai_-_Machayenge.jpg,tags
Emiway Bantai - Paisa Paisa.mp3,Emiway Bantai,Paisa Paisa,186.024,P:\Web Development\Audora\frontend\public\songs\covers\Emiway_Bantai_-_Paisa_Paisa.jpg,tags
"Faheem Abdullah, Rauhan Malik, Amir Ameer - Ishq.mp3",Faheem Abdullah/Rauhan Malik/Amir Ameer,Ishq,228.672,P:\Web Development\Audora\frontend\public\songs\covers\Faheem_Abdullah__Rauhan_Malik__Amir_Ameer_-_Ishq.jpg,tags
"FloyyMenor, Ozuna, Anitta - Gata Only (Remix).mp3",FloyyMenor/Ozuna/Anitta,Gata Only (Remix),230.544,P:\Web Development\Audora\frontend\public\songs\covers\FloyyMenor__Ozuna__Anitta_-_Gata_Only__Remix_.jpg,tags
GIMS - Est-ce que tu m'aimes  - Pilule bleue.mp3,GIMS,Est-ce que tu m'aimes ? - Pilule bleue,237.12,P:\Web Development\Audora\frontend\public\songs\covers\GIMS_-_Est-ce_que_tu_m_aimes__-_Pilule_bleue.jpg,tags
Gajendra Verma - Mann Mera.mp3,Gajendra Verma,Mann Mera,200.16,P:\Web Development\Audora\frontend\public\songs\covers\Gajendra_Verma_-_Mann_Mera.jpg,tags
Gajendra Verma - Tera Ghata.mp3,Gajendra Verma,Tera Ghata,254.304,P:\Web Development\Audora\frontend\public\songs\covers\Gajendra_Verma_-_Tera_Ghata.jpg,tags
Gala - Freed from Desire.mp3,Gala,Freed from Desire,213.096,P:\Web Development\Audora\frontend\public\songs\covers\Gala_-_Freed_from_Desire.jpg,tags
"Gaurav Dagaonkar, Hemant Kumar - Bekarar Karke.mp3",Gaurav Dagaonkar/Hemant Kumar,Bekarar Karke,191.04,P:\Web Development\Audora\frontend\public\songs\covers\Gaurav_Dagaonkar__Hemant_Kumar_-_Bekarar_Karke.jpg,tags
"GowraHari, Armaan Malik, Krishna Kanth - Vibe Undi (From 'Mirai') [Telugu].mp3",GowraHari/Armaan Malik/Krishna Kanth,"Vibe Undi (From ""Mirai"") [Telugu]",202.392,P:\Web Development\Audora\frontend\public\songs\covers\GowraHari__Armaan_Malik__Krishna_Kanth_-_Vibe_Undi__From__Mirai____Telugu_.jpg,tags
Gracie Abrams - Risk.mp3,Gracie Abrams,Risk,191.616,P:\Web Development\Audora\frontend\public\songs\covers\Gracie_Abrams_-_Risk.jpg,tags
Gracie Abrams - That’s So True.mp3,Gracie Abrams,That’s So True,166.344,P:\Web Development\Audora\frontend\public\songs\covers\Gracie_Abrams_-_That_s_So_True.jpg,tags
"Guru Randhawa, Arjun, Rajat Nagpal, Intense - Suit Suit.mp3",Guru Randhawa/Arjun/Rajat Nagpal/Intense,Suit Suit,190.176,P:\Web Development\Audora\frontend\public\songs\covers\Guru_Randhawa__Arjun__Rajat_Nagpal__Intense_-_Suit_Suit.jpg,tags
"Guru Randhawa, Dhvani Bhanushali - Ishare Tere.mp3",Guru Randhawa/Dhvani Bhanushali,Ishare Tere,189.192,P:\Web Development\Audora\frontend\public\songs\covers\Guru_Randhawa__Dhvani_Bhanushali_-_Ishare_Tere.jpg,tags
"Guru Randhawa, Gurjit Gill, Lavish Dhiman - AZUL.mp3",Guru Randhawa/Gurjit Gill/Lavish Dhiman,AZUL,138.216,P:\Web Development\Audora\frontend\public\songs\covers\Guru_Randhawa__Gurjit_Gill__Lavish_Dhiman_-_AZUL.jpg,tags
"Guru Randhawa, Kiran Bajwa, Rony Ajnali - Sirra.mp3",Guru Randhawa/Kiran Bajwa/Rony Ajnali,Sirra,146.256,P:\Web Development\Audora\frontend\public\songs\covers\Guru_Randhawa__Kiran_Bajwa__Rony_Ajnali_-_Sirra.jpg,tags
"Guru Randhawa, Sanjoy, Gill Machhrai - Qatal.mp3",Guru Randhawa/Sanjoy/Gill Machhrai,Qatal,171.816,P:\Web Development\Audora\frontend\public\songs\covers\Guru_Randhawa__Sanjoy__Gill_Machhrai_-_Qatal.jpg,tags
"Guru Randhawa, Tulsi Kumar - Lagdi Lahore Di (From 'Street Dancer 3D').mp3",Guru Randhawa/Tulsi Kumar,"Lagdi Lahore Di (From ""Street Dancer 3D"")",215.4,P:\Web Development\Audora\frontend\public\songs\covers\Guru_Randhawa__Tulsi_Kumar_-_Lagdi_Lahore_Di__From__Street_Dancer_3D__.jpg,tags
Harshdeep Kaur - Katiya Karun.mp3,Harshdeep Kaur,Katiya Karun,238.032,P:\Web Development\Audora\frontend\public\songs\covers\Harshdeep_Kaur_-_Katiya_Karun.jpg,tags
Hassan Jahangir - Hawa Hawa.mp3,Hassan Jahangir,Hawa Hawa,369.696,P:\Web Development\Audora\frontend\public\songs\covers\Hassan_Jahangir_-_Hawa_Hawa.jpg,tags
Hemant Kumar - Beqarar Karke Hamen Yun Na Jaiye.mp3,Hemant Kumar,Beqarar Karke Hamen Yun Na Jaiye,189.912,P:\Web Development\Audora\frontend\public\songs\covers\Hemant_Kumar_-_Beqarar_Karke_Hamen_Yun_Na_Jaiye.jpg,tags
Hemant Kumar - Jane Woh Kaise Log The.mp3,Hemant Kumar,Jane Woh Kaise Log The,259.152,P:\Web Development\Audora\frontend\public\songs\covers\Hemant_Kumar_-_Jane_Woh_Kaise_Log_The.jpg,tags
"Himesh Reshammiya, Vineet Singh, Aaman Trikha - Hookah Bar.mp3",Himesh Reshammiya/Vineet Singh/Aaman Trikha,Hookah Bar,254.04,P:\Web Development\Audora\frontend\public\songs\covers\Himesh_Reshammiya__Vineet_Singh__Aaman_Trikha_-_Hookah_Bar.jpg,tags
Imran Khan - Amplifier.mp3,Imran Khan,Amplifier,232.944,P:\Web Development\Audora\frontend\public\songs\covers\Imran_Khan_-_Amplifier.jpg,tags
JENNIE - like JENNIE.mp3,JENNIE,like JENNIE,123.552,P:\Web Development\Audora\frontend\public\songs\covers\JENNIE_-_like_JENNIE.jpg,tags
"Jasleen Royal, Arijit Singh, Dulquer Salmaan - Heeriye (feat. Arijit Singh).mp3",Jasleen Royal/Arijit Singh/Dulquer Salmaan,Heeriye (feat. Arijit Singh),194.904,P:\Web Development\Audora\frontend\public\songs\covers\Jasleen_Royal__Arijit_Singh__Dulquer_Salmaan_-_Heeriye__feat._Arijit_Singh_.jpg,tags
"Jasleen Royal, B Praak, Romy - Ranjha (From 'Shershaah').mp3",Jasleen Royal/B Praak/Romy,"Ranjha (From ""Shershaah"")",228.888,P:\Web Development\Audora\frontend\public\songs\covers\Jasleen_Royal__B_Praak__Romy_-_Ranjha__From__Shershaah__.jpg,tags
"Jasleen Royal, Ranveer Allahbadia, Ujjwal Kashyap - Sang Rahiyo.mp3",Jasleen Royal/Ranveer Allahbadia/Ujjwal Kashyap,Sang Rahiyo,213.336,P:\Web Development\Audora\frontend\public\songs\covers\Jasleen_Royal__Ranveer_Allahbadia__Ujjwal_Kashyap_-_Sang_Rahiyo.jpg,tags
"Jasleen Royal, Ujjwal Kashyap - Sang Rahiyo.mp3",Jasleen Royal/Ujjwal Kashyap,Sang Rahiyo,213.336,P:\Web Development\Audora\frontend\public\songs\covers\Jasleen_Royal__Ujjwal_Kashyap_-_Sang_Rahiyo.jpg,tags
Jassie Gill - Guitar Sikhda.mp3,Jassie Gill,Guitar Sikhda,189.36,P:\Web Development\Audora\frontend\public\songs\covers\Jassie_Gill_-_Guitar_Sikhda.jpg,tags
"Jatin-Lalit, Lata Mangeshkar, Udit Narayan, Udbhav, Manohar Shetty, Ishaan, Shweta Pandit, Sonali Bhatawdekar, Pritha Mazumdar, Anand Bakshi - Aankhein Khuli.mp3",Jatin-Lalit/Lata Mangeshkar/Udit Narayan/Udbhav/Manohar Shetty/Ishaan/Shweta Pandit/Sonali Bhatawdekar/Pritha Mazumdar/Anand Bakshi,Aankhein Khuli,422.352,P:\Web Development\Audora\frontend\public\songs\covers\Jatin-Lalit__Lata_Mangeshkar__Udit_Narayan__Udbhav__Manohar_Shetty__Ishaan__Shweta_Pandit__Sonali_Bhatawdekar__Pritha_Mazumdar__Anand_Bakshi_-_Aankhein_Khuli.jpg,tags
"Jatin-Lalit, Shaan, Kailash Kher, Prasoon Joshi - Chand Sifarish.mp3",Jatin-Lalit/Shaan/Kailash Kher/Prasoon Joshi,Chand Sifarish,275.544,P:\Web Development\Audora\frontend\public\songs\covers\Jatin-Lalit__Shaan__Kailash_Kher__Prasoon_Joshi_-_Chand_Sifarish.jpg,tags
Javed Ali - Guzarish.mp3,Javed Ali,Guzarish,327.624,P:\Web Development\Audora\frontend\public\songs\covers\Javed_Ali_-_Guzarish.jpg,tags
"Javed-Mohsin, Arijit Singh, Shreya Ghoshal, Kunaal Vermaa, Prashant Ingole - Pal.mp3",Javed-Mohsin/Arijit Singh/Shreya Ghoshal/Kunaal Vermaa/Prashant Ingole,Pal,247.32,P:\Web Development\Audora\frontend\public\songs\covers\Javed-Mohsin__Arijit_Singh__Shreya_Ghoshal__Kunaal_Vermaa__Prashant_Ingole_-_Pal.jpg,tags
"Jaz Dhami, Yo Yo Honey Singh - High Heels.mp3",Jaz Dhami/Yo Yo Honey Singh,High Heels,297.816,P:\Web Development\Audora\frontend\public\songs\covers\Jaz_Dhami__Yo_Yo_Honey_Singh_-_High_Heels.jpg,tags
"Jeet Gannguli, Arijit Singh - Mera Pyar Tera Pyar.mp3",Jeet Gannguli/Arijit Singh,Mera Pyar Tera Pyar,275.4,P:\Web Development\Audora\frontend\public\songs\covers\Jeet_Gannguli__Arijit_Singh_-_Mera_Pyar_Tera_Pyar.jpg,tags
"Jennifer Lopez, Pitbull - On The Floor.mp3",Jennifer Lopez/Pitbull,On The Floor,285.0,P:\Web Development\Audora\frontend\public\songs\covers\Jennifer_Lopez__Pitbull_-_On_The_Floor.jpg,tags
Joji - Glimpse of Us.mp3,Joji,Glimpse of Us,233.52,P:\Web Development\Audora\frontend\public\songs\covers\Joji_-_Glimpse_of_Us.jpg,tags
Josh Brar - Tere Bina Na Guzara E.mp3,Josh Brar,Tere Bina Na Guzara E,220.824,P:\Web Development\Audora\frontend\public\songs\covers\Josh_Brar_-_Tere_Bina_Na_Guzara_E.jpg,tags
"Jubin Nautiyal, Kunaal Vermaa - Tum Hi Aana (Sad Version).mp3",Jubin Nautiyal/Kunaal Vermaa,Tum Hi Aana (Sad Version),83.208,P:\Web Development\Audora\frontend\public\songs\covers\Jubin_Nautiyal__Kunaal_Vermaa_-_Tum_Hi_Aana__Sad_Version_.jpg,tags
"Jubin Nautiyal, Manoj Muntashir - Humnava Mere.mp3",Jubin Nautiyal/Manoj Muntashir,Humnava Mere,329.04,P:\Web Development\Audora\frontend\public\songs\covers\Jubin_Nautiyal__Manoj_Muntashir_-_Humnava_Mere.jpg,tags
"Jubin Nautiyal, Palak Muchhal - Kaabil Hoon (From 'Kaabil').mp3",Jubin Nautiyal/Palak Muchhal,"Kaabil Hoon (From ""Kaabil"")",314.088,P:\Web Development\Audora\frontend\public\songs\covers\Jubin_Nautiyal__Palak_Muchhal_-_Kaabil_Hoon__From__Kaabil__.jpg,tags
"Jubin Nautiyal, Palak Muchhal, Rajesh Roshan, Nasir Faraaz - Kaabil Hoon.mp3",Jubin Nautiyal/Palak Muchhal/Rajesh Roshan/Nasir Faraaz,Kaabil Hoon,314.088,P:\Web Development\Audora\frontend\public\songs\covers\Jubin_Nautiyal__Palak_Muchhal__Rajesh_Roshan__Nasir_Faraaz_-_Kaabil_Hoon.jpg,tags
"Jubin Nautiyal, Payal Dev, Manoj Muntashir - Meri Maa Ke Barabar Koi Nahi.mp3",Jubin Nautiyal/Payal Dev/Manoj Muntashir,Meri Maa Ke Barabar Koi Nahi,298.08,P:\Web Development\Audora\frontend\public\songs\covers\Jubin_Nautiyal__Payal_Dev__Manoj_Muntashir_-_Meri_Maa_Ke_Barabar_Koi_Nahi.jpg,tags
"Jubin Nautiyal, Prakriti Kakar - Agar Tum Saath Ho-Maahi Ve.mp3",Jubin Nautiyal/Prakriti Kakar,Agar Tum Saath Ho-Maahi Ve,273.792,P:\Web Development\Audora\frontend\public\songs\covers\Jubin_Nautiyal__Prakriti_Kakar_-_Agar_Tum_Saath_Ho-Maahi_Ve.jpg,tags
"Jubin Nautiyal, Tanishk Bagchi, Manoj Muntashir, Nusrat Fateh Ali Khan - Lut Gaye.mp3",Jubin Nautiyal/Tanishk Bagchi/Manoj Muntashir/Nusrat Fateh Ali Khan,Lut Gaye,228.072,P:\Web Development\Audora\frontend\public\songs\covers\Jubin_Nautiyal__Tanishk_Bagchi__Manoj_Muntashir__Nusrat_Fateh_Ali_Khan_-_Lut_Gaye.jpg,tags
Justin Bieber - DAISIES.mp3,Justin Bieber,DAISIES,176.496,P:\Web Development\Audora\frontend\public\songs\covers\Justin_Bieber_-_DAISIES.jpg,tags
Justin Bieber - Ghost.mp3,Justin Bieber,Ghost,153.216,P:\Web Development\Audora\frontend\public\songs\covers\Justin_Bieber_-_Ghost.jpg,tags
Justin Bieber - Love Yourself.mp3,Justin Bieber,Love Yourself,223.92,P:\Web Development\Audora\frontend\public\songs\covers\Justin_Bieber_-_Love_Yourself.jpg,tags
Justin Bieber - SPEED DEMON.mp3,Justin Bieber,SPEED DEMON,211.992,P:\Web Development\Audora\frontend\public\songs\covers\Justin_Bieber_-_SPEED_DEMON.jpg,tags
Justin Bieber - Sorry.mp3,Justin Bieber,Sorry,200.832,P:\Web Development\Audora\frontend\public\songs\covers\Justin_Bieber_-_Sorry.jpg,tags
Justin Bieber - YUKON.mp3,Justin Bieber,YUKON,163.896,P:\Web Development\Audora\frontend\public\songs\covers\Justin_Bieber_-_YUKON.jpg,tags
"Justin Bieber, Chance the Rapper - Confident.mp3",Justin Bieber/Chance the Rapper,Confident,248.16,P:\Web Development\Audora\frontend\public\songs\covers\Justin_Bieber__Chance_the_Rapper_-_Confident.jpg,tags
Justin Hurwitz - Mia & Sebastian’s Theme.mp3,Justin Hurwitz,Mia & Sebastian’s Theme,96.936,P:\Web Development\Audora\frontend\public\songs\covers\Justin_Hurwitz_-_Mia___Sebastian_s_Theme.jpg,tags
"KK, Mithoon, Rimz Music, Sayeed Quadri - Beete Lamhein Lofi Mix.mp3",KK/Mithoon/Rimz Music/Sayeed Quadri,Beete Lamhein Lofi Mix,212.184,P:\Web Development\Audora\frontend\public\songs\covers\KK__Mithoon__Rimz_Music__Sayeed_Quadri_-_Beete_Lamhein_Lofi_Mix.jpg,tags
"KK, Shilpa Rao - Khuda Jaane.mp3",KK/Shilpa Rao,Khuda Jaane,333.216,P:\Web Development\Audora\frontend\public\songs\covers\KK__Shilpa_Rao_-_Khuda_Jaane.jpg,tags
KR$NA - I Guess.mp3,KR$NA,I Guess,186.12,P:\Web Development\Audora\frontend\public\songs\covers\KR_NA_-_I_Guess.jpg,tags
KR$NA - No Cap.mp3,KR$NA,No Cap,205.464,P:\Web Development\Audora\frontend\public\songs\covers\KR_NA_-_No_Cap.jpg,tags
KR$NA - Prarthana.mp3,KR$NA,Prarthana,199.704,P:\Web Development\Audora\frontend\public\songs\covers\KR_NA_-_Prarthana.jpg,tags
"KR$NA, Phenom - Knock Knock.mp3",KR$NA/Phenom,Knock Knock,206.856,P:\Web Development\Audora\frontend\public\songs\covers\KR_NA__Phenom_-_Knock_Knock.jpg,tags
"KR$NA, Seedhe Maut, Umair - Hola Amigo.mp3",KR$NA/Seedhe Maut/Umair,Hola Amigo,226.32,P:\Web Development\Audora\frontend\public\songs\covers\KR_NA__Seedhe_Maut__Umair_-_Hola_Amigo.jpg,tags
"KR$NA, Umair, Mukesh - Joota Japani.mp3",KR$NA/Umair/Mukesh,Joota Japani,155.112,P:\Web Development\Audora\frontend\public\songs\covers\KR_NA__Umair__Mukesh_-_Joota_Japani.jpg,tags
Kailash Kher - Allah Ke Bande.mp3,Kailash Kher,Allah Ke Bande,246.888,P:\Web Development\Audora\frontend\public\songs\covers\Kailash_Kher_-_Allah_Ke_Bande.jpg,tags
Kailash Kher - Ya Rabba.mp3,Kailash Kher,Ya Rabba,418.92,P:\Web Development\Audora\frontend\public\songs\covers\Kailash_Kher_-_Ya_Rabba.jpg,tags
"Kailash Kher, Meet Bros Anjjan - Mere Nishaan.mp3",Kailash Kher/Meet Bros Anjjan,Mere Nishaan,300.744,P:\Web Development\Audora\frontend\public\songs\covers\Kailash_Kher__Meet_Bros_Anjjan_-_Mere_Nishaan.jpg,tags
"Kailash Kher, Paresh Kamath, Naresh Kamath - Bam Lahiri.mp3",Kailash Kher/Paresh Kamath/Naresh Kamath,Bam Lahiri,317.016,P:\Web Development\Audora\frontend\public\songs\covers\Kailash_Kher__Paresh_Kamath__Naresh_Kamath_-_Bam_Lahiri.jpg,tags
"Kailash Kher, Paresh Kamath, Naresh Kamath - Saiyyan.mp3",Kailash Kher/Paresh Kamath/Naresh Kamath,Saiyyan,343.944,P:\Web Development\Audora\frontend\public\songs\covers\Kailash_Kher__Paresh_Kamath__Naresh_Kamath_-_Saiyyan.jpg,tags
"Kailash Kher, Paresh Kamath, Naresh Kamath - Teri Deewani.mp3",Kailash Kher/Paresh Kamath/Naresh Kamath,Teri Deewani,323.544,P:\Web Development\Audora\frontend\public\songs\covers\Kailash_Kher__Paresh_Kamath__Naresh_Kamath_-_Teri_Deewani.jpg,tags
"Kalyanji-Anandji, Kishore Kumar - Neele Neele Ambar Par - Male Version.mp3",Kalyanji-Anandji/Kishore Kumar,Neele Neele Ambar Par - Male Version,320.04,P:\Web Development\Audora\frontend\public\songs\covers\Kalyanji-Anandji__Kishore_Kumar_-_Neele_Neele_Ambar_Par_-_Male_Version.jpg,tags
Karan Aujla - 2am.mp3,Karan Aujla,2am,257.184,P:\Web Development\Audora\frontend\public\songs\covers\Karan_Aujla_-_2am.jpg,tags
Karan Aujla - ANTIDOTE.mp3,Karan Aujla,ANTIDOTE,187.368,P:\Web Development\Audora\frontend\public\songs\covers\Karan_Aujla_-_ANTIDOTE.jpg,tags
Karan Aujla - Admirin' You - Unplugged.mp3,Karan Aujla,Admirin' You - Unplugged,195.864,P:\Web Development\Audora\frontend\public\songs\covers\Karan_Aujla_-_Admirin__You_-_Unplugged.jpg,tags
Karan Aujla - Mexico.mp3,Karan Aujla,Mexico,206.472,P:\Web Development\Audora\frontend\public\songs\covers\Karan_Aujla_-_Mexico.jpg,tags
Karan Aujla - Tauba Tauba (From 'Bad Newz').mp3,Karan Aujla,"Tauba Tauba (From ""Bad Newz"")",207.192,P:\Web Development\Audora\frontend\public\songs\covers\Karan_Aujla_-_Tauba_Tauba__From__Bad_Newz__.jpg,tags
"Karan Aujla, Ikky - 52 Bars.mp3",Karan Aujla/Ikky,52 Bars,214.056,P:\Web Development\Audora\frontend\public\songs\covers\Karan_Aujla__Ikky_-_52_Bars.jpg,tags
"Karan Aujla, Ikky - At Peace.mp3",Karan Aujla/Ikky,At Peace,164.088,P:\Web Development\Audora\frontend\public\songs\covers\Karan_Aujla__Ikky_-_At_Peace.jpg,tags
"Karan Aujla, Ikky - Boyfriend.mp3",Karan Aujla/Ikky,Boyfriend,160.824,P:\Web Development\Audora\frontend\public\songs\covers\Karan_Aujla__Ikky_-_Boyfriend.jpg,tags
"Karan Aujla, Ikky - For A Reason.mp3",Karan Aujla/Ikky,For A Reason,180.024,P:\Web Development\Audora\frontend\public\songs\covers\Karan_Aujla__Ikky_-_For_A_Reason.jpg,tags
"Karan Aujla, Ikky - Gabhru!.mp3",Karan Aujla/Ikky,Gabhru!,200.424,P:\Web Development\Audora\frontend\public\songs\covers\Karan_Aujla__Ikky_-_Gabhru_.jpg,tags
"Karan Aujla, Ikky - Softly.mp3",Karan Aujla/Ikky,Softly,155.208,P:\Web Development\Audora\frontend\public\songs\covers\Karan_Aujla__Ikky_-_Softly.jpg,tags
"Karan Aujla, Jay Trak - Wavy.mp3",Karan Aujla/Jay Trak,Wavy,161.04,P:\Web Development\Audora\frontend\public\songs\covers\Karan_Aujla__Jay_Trak_-_Wavy.jpg,tags
"Karan Aujla, Neha Kakkar - Aaye Haaye (From 'Aaye Haaye').mp3",Karan Aujla/Neha Kakkar,"Aaye Haaye (From ""Aaye Haaye"")",195.096,P:\Web Development\Audora\frontend\public\songs\covers\Karan_Aujla__Neha_Kakkar_-_Aaye_Haaye__From__Aaye_Haaye__.jpg,tags
"Karan Aujla, Seshnolan - Winning Speech.mp3",Karan Aujla/Seshnolan,Winning Speech,227.472,P:\Web Development\Audora\frontend\public\songs\covers\Karan_Aujla__Seshnolan_-_Winning_Speech.jpg,tags
"Karma, Raftaar - Karta Kya Hai.mp3",Karma/Raftaar,Karta Kya Hai,204.12,P:\Web Development\Audora\frontend\public\songs\covers\Karma__Raftaar_-_Karta_Kya_Hai.jpg,tags
Kavita Krishnamurthy - Tum Ko.mp3,Kavita Krishnamurthy,Tum Ko,345.336,P:\Web Development\Audora\frontend\public\songs\covers\Kavita_Krishnamurthy_-_Tum_Ko.jpg,tags
"King, Karma - GOAT SHIT.mp3",King/Karma,GOAT SHIT,231.072,P:\Web Development\Audora\frontend\public\songs\covers\King__Karma_-_GOAT_SHIT.jpg,tags
Kishore Kumar - Pal Pal Dil Ke Paas - From 'Blackmail'.mp3,Kishore Kumar,"Pal Pal Dil Ke Paas - From ""Blackmail""",329.112,P:\Web Development\Audora\frontend\public\songs\covers\Kishore_Kumar_-_Pal_Pal_Dil_Ke_Paas_-_From__Blackmail_.jpg,tags
"Kishore Kumar, Anette, R. D. Burman - Dilbar Mere - From 'Satte Pe Satta'.mp3",Kishore Kumar/Anette/R. D. Burman,"Dilbar Mere - From ""Satte Pe Satta""",288.504,P:\Web Development\Audora\frontend\public\songs\covers\Kishore_Kumar__Anette__R._D._Burman_-_Dilbar_Mere_-_From__Satte_Pe_Satta_.jpg,tags
"Kishore Kumar, Asha Bhosle - Yeh Raaten Yeh Mausam.mp3",Kishore Kumar/Asha Bhosle,Yeh Raaten Yeh Mausam,201.192,P:\Web Development\Audora\frontend\public\songs\covers\Kishore_Kumar__Asha_Bhosle_-_Yeh_Raaten_Yeh_Mausam.jpg,tags
"Kishore Kumar, Asha Bhosle, R. D. Burman - Yeh Vaada Raha - Tu Tu Hai Wahi  From “Yeh Vaada Raha”.mp3",Kishore Kumar/Asha Bhosle/R. D. Burman,Yeh Vaada Raha - Tu Tu Hai Wahi / From “Yeh Vaada Raha”,409.368,P:\Web Development\Audora\frontend\public\songs\covers\Kishore_Kumar__Asha_Bhosle__R._D._Burman_-_Yeh_Vaada_Raha_-_Tu_Tu_Hai_Wahi__From__Yeh_Vaada_Raha_.jpg,tags
"Kishore Kumar, Lata Mangeshkar - Aap Ki Ankhon Mein Kuch.mp3",Kishore Kumar/Lata Mangeshkar,Aap Ki Ankhon Mein Kuch,249.216,P:\Web Development\Audora\frontend\public\songs\covers\Kishore_Kumar__Lata_Mangeshkar_-_Aap_Ki_Ankhon_Mein_Kuch.jpg,tags
"Kishore Kumar, Laxmikant–Pyarelal - Mere Mehboob Qayamat Hogi.mp3",Kishore Kumar/Laxmikant–Pyarelal,Mere Mehboob Qayamat Hogi,228.72,P:\Web Development\Audora\frontend\public\songs\covers\Kishore_Kumar__Laxmikant_Pyarelal_-_Mere_Mehboob_Qayamat_Hogi.jpg,tags
"Kishore Kumar, R. D. Burman - Ek Ajnabee Haseena Se.mp3",Kishore Kumar/R. D. Burman,Ek Ajnabee Haseena Se,266.64,P:\Web Development\Audora\frontend\public\songs\covers\Kishore_Kumar__R._D._Burman_-_Ek_Ajnabee_Haseena_Se.jpg,tags
"Kishore Kumar, R. D. Burman - Meri Bheegi Bheegi Si.mp3",Kishore Kumar/R. D. Burman,Meri Bheegi Bheegi Si,246.936,P:\Web Development\Audora\frontend\public\songs\covers\Kishore_Kumar__R._D._Burman_-_Meri_Bheegi_Bheegi_Si.jpg,tags
"Kishore Kumar, R. D. Burman - O Mere Dil Ke Chain.mp3",Kishore Kumar/R. D. Burman,O Mere Dil Ke Chain,273.384,P:\Web Development\Audora\frontend\public\songs\covers\Kishore_Kumar__R._D._Burman_-_O_Mere_Dil_Ke_Chain.jpg,tags
"Kishore Kumar, R. D. Burman - Yeh Sham Mastani.mp3",Kishore Kumar/R. D. Burman,Yeh Sham Mastani,270.168,P:\Web Development\Audora\frontend\public\songs\covers\Kishore_Kumar__R._D._Burman_-_Yeh_Sham_Mastani.jpg,tags
Kunal Bojewar - Chura Liya Hai Tumne Jo Dil Ko.mp3,Kunal Bojewar,Chura Liya Hai Tumne Jo Dil Ko,195.528,P:\Web Development\Audora\frontend\public\songs\covers\Kunal_Bojewar_-_Chura_Liya_Hai_Tumne_Jo_Dil_Ko.jpg,tags
"Kylie Minogue, Sonu Nigam, Suzanne, A.R. Rahman, Abbas Tyrewala - Chiggy Wiggy.mp3",Kylie Minogue/Sonu Nigam/Suzanne/A.R. Rahman/Abbas Tyrewala,Chiggy Wiggy,310.128,P:\Web Development\Audora\frontend\public\songs\covers\Kylie_Minogue__Sonu_Nigam__Suzanne__A.R._Rahman__Abbas_Tyrewala_-_Chiggy_Wiggy.jpg,tags
"Labh Janjua, Sonu Kakkar, Neha Kakkar - London Thumakda.mp3",Labh Janjua/Sonu Kakkar/Neha Kakkar,London Thumakda,230.496,P:\Web Development\Audora\frontend\public\songs\covers\Labh_Janjua__Sonu_Kakkar__Neha_Kakkar_-_London_Thumakda.jpg,tags
Labrinth - Mount Everest.mp3,Labrinth,Mount Everest,157.536,P:\Web Development\Audora\frontend\public\songs\covers\Labrinth_-_Mount_Everest.jpg,tags
"Lady Gaga, Bruno Mars - Die With A Smile.mp3",Lady Gaga/Bruno Mars,Die With A Smile,251.712,P:\Web Development\Audora\frontend\public\songs\covers\Lady_Gaga__Bruno_Mars_-_Die_With_A_Smile.jpg,tags
Lamb of God - Laid to Rest.mp3,Lamb of God,Laid to Rest,230.232,P:\Web Development\Audora\frontend\public\songs\covers\Lamb_of_God_-_Laid_to_Rest.jpg,tags
Lana Del Rey - Diet Mountain Dew.mp3,Lana Del Rey,Diet Mountain Dew,222.96,P:\Web Development\Audora\frontend\public\songs\covers\Lana_Del_Rey_-_Diet_Mountain_Dew.jpg,tags
Lata Mangeshkar - Mere Khwabon Mein.mp3,Lata Mangeshkar,Mere Khwabon Mein,256.464,P:\Web Development\Audora\frontend\public\songs\covers\Lata_Mangeshkar_-_Mere_Khwabon_Mein.jpg,tags
"Lata Mangeshkar, R. D. Burman - Aaja Piya Tohe Pyar Doon.mp3",Lata Mangeshkar/R. D. Burman,Aaja Piya Tohe Pyar Doon,251.328,P:\Web Development\Audora\frontend\public\songs\covers\Lata_Mangeshkar__R._D._Burman_-_Aaja_Piya_Tohe_Pyar_Doon.jpg,tags
"Lata Mangeshkar, Udit Narayan - Dil To Pagal Hai - LoFi Mix.mp3",Lata Mangeshkar/Udit Narayan,Dil To Pagal Hai - LoFi Mix,221.76,P:\Web Development\Audora\frontend\public\songs\covers\Lata_Mangeshkar__Udit_Narayan_-_Dil_To_Pagal_Hai_-_LoFi_Mix.jpg,tags
"Lil Wayne, Drake - She Will.mp3",Lil Wayne/Drake,She Will,307.392,P:\Web Development\Audora\frontend\public\songs\covers\Lil_Wayne__Drake_-_She_Will.jpg,tags
"Mamta Sharma, Javed Ali - Tinku Jiya.mp3",Mamta Sharma/Javed Ali,Tinku Jiya,298.248,P:\Web Development\Audora\frontend\public\songs\covers\Mamta_Sharma__Javed_Ali_-_Tinku_Jiya.jpg,tags
"Mamta Sharma, Wajid - Fevicol Se.mp3",Mamta Sharma/Wajid,Fevicol Se,289.896,P:\Web Development\Audora\frontend\public\songs\covers\Mamta_Sharma__Wajid_-_Fevicol_Se.jpg,tags
"Mani Sharma, Kabilan, Shankar Mahadevan - Ada All Thotta Boopathi (From 'Youth').mp3",Mani Sharma/Kabilan/Shankar Mahadevan,"Ada All Thotta Boopathi (From ""Youth"")",295.248,P:\Web Development\Audora\frontend\public\songs\covers\Mani_Sharma__Kabilan__Shankar_Mahadevan_-_Ada_All_Thotta_Boopathi__From__Youth__.jpg,tags
Masoom Sharma - 2 Khatole (Lofi).mp3,Masoom Sharma,2 Khatole (Lofi),197.664,P:\Web Development\Audora\frontend\public\songs\covers\Masoom_Sharma_-_2_Khatole__Lofi_.jpg,tags
Masoom Sharma - Ek Khtola Jail Ke Bhitar.mp3,Masoom Sharma,Ek Khtola Jail Ke Bhitar,166.296,P:\Web Development\Audora\frontend\public\songs\covers\Masoom_Sharma_-_Ek_Khtola_Jail_Ke_Bhitar.jpg,tags
"Masoom Sharma, Rahul Muana, Swara Verma, Ruba Khan - Chambal K Dakku.mp3",Masoom Sharma/Rahul Muana/Swara Verma/Ruba Khan,Chambal K Dakku,227.688,P:\Web Development\Audora\frontend\public\songs\covers\Masoom_Sharma__Rahul_Muana__Swara_Verma__Ruba_Khan_-_Chambal_K_Dakku.jpg,tags
"Masoom Sharma, Swara Verma - Lofar.mp3",Masoom Sharma/Swara Verma,Lofar,129.816,P:\Web Development\Audora\frontend\public\songs\covers\Masoom_Sharma__Swara_Verma_-_Lofar.jpg,tags
"Masoom Sharma, Sweta Chauhan, Yash Thukral - Raat Ke Shikari.mp3",Masoom Sharma/Sweta Chauhan/Yash Thukral,Raat Ke Shikari,148.704,P:\Web Development\Audora\frontend\public\songs\covers\Masoom_Sharma__Sweta_Chauhan__Yash_Thukral_-_Raat_Ke_Shikari.jpg,tags
"Meet Bros Anjjan, Khushboo Grewal - Pink Lips.mp3",Meet Bros Anjjan/Khushboo Grewal,Pink Lips,254.856,P:\Web Development\Audora\frontend\public\songs\covers\Meet_Bros_Anjjan__Khushboo_Grewal_-_Pink_Lips.jpg,tags
"Meet Bros., Jubin Nautiyal, Dhvani Bhanushali - Kinna Sona (From 'Marjaavaan').mp3",Meet Bros./Jubin Nautiyal/Dhvani Bhanushali,"Kinna Sona (From ""Marjaavaan"")",273.96,P:\Web Development\Audora\frontend\public\songs\covers\Meet_Bros.__Jubin_Nautiyal__Dhvani_Bhanushali_-_Kinna_Sona__From__Marjaavaan__.jpg,tags
"Mithoon, Arijit Singh - Dhun.mp3",Mithoon/Arijit Singh,Dhun,276.672,P:\Web Development\Audora\frontend\public\songs\covers\Mithoon__Arijit_Singh_-_Dhun.jpg,tags
"Mithoon, Arijit Singh - Tum Hi Ho.mp3",Mithoon/Arijit Singh,Tum Hi Ho,262.008,P:\Web Development\Audora\frontend\public\songs\covers\Mithoon__Arijit_Singh_-_Tum_Hi_Ho.jpg,tags
"Mithoon, Manoj Muntashir, Arijit Singh, Shashaa Tirupati - Phir Bhi Tumko Chaahunga.mp3",Mithoon/Manoj Muntashir/Arijit Singh/Shashaa Tirupati,Phir Bhi Tumko Chaahunga,351.624,P:\Web Development\Audora\frontend\public\songs\covers\Mithoon__Manoj_Muntashir__Arijit_Singh__Shashaa_Tirupati_-_Phir_Bhi_Tumko_Chaahunga.jpg,tags
Mitraz - Akhiyaan Gulaab (From 'Teri Baaton Mein Aisa Uljha Jiya').mp3,Mitraz,"Akhiyaan Gulaab (From ""Teri Baaton Mein Aisa Uljha Jiya"")",171.192,P:\Web Development\Audora\frontend\public\songs\covers\Mitraz_-_Akhiyaan_Gulaab__From__Teri_Baaton_Mein_Aisa_Uljha_Jiya__.jpg,tags
Mitraz - Gulaab.mp3,Mitraz,Gulaab,169.68,P:\Web Development\Audora\frontend\public\songs\covers\Mitraz_-_Gulaab.jpg,tags
Mohammed Irfan - Chukar Mere Man Ko - The Unwind Mix.mp3,Mohammed Irfan,Chukar Mere Man Ko - The Unwind Mix,222.024,P:\Web Development\Audora\frontend\public\songs\covers\Mohammed_Irfan_-_Chukar_Mere_Man_Ko_-_The_Unwind_Mix.jpg,tags
Mohammed Rafi - Badan Pe Sitare Lapete Huye.mp3,Mohammed Rafi,Badan Pe Sitare Lapete Huye,288.192,P:\Web Development\Audora\frontend\public\songs\covers\Mohammed_Rafi_-_Badan_Pe_Sitare_Lapete_Huye.jpg,tags
Mohammed Rafi - Chaudhvin Ka Chand Ho.mp3,Mohammed Rafi,Chaudhvin Ka Chand Ho,223.536,P:\Web Development\Audora\frontend\public\songs\covers\Mohammed_Rafi_-_Chaudhvin_Ka_Chand_Ho.jpg,tags
Mohammed Rafi - Dil Ka Bhanwar Kare Pukar.mp3,Mohammed Rafi,Dil Ka Bhanwar Kare Pukar,199.152,P:\Web Development\Audora\frontend\public\songs\covers\Mohammed_Rafi_-_Dil_Ka_Bhanwar_Kare_Pukar.jpg,tags
Mohammed Rafi - Ehsan Tera Hoga Mujh Par.mp3,Mohammed Rafi,Ehsan Tera Hoga Mujh Par,206.928,P:\Web Development\Audora\frontend\public\songs\covers\Mohammed_Rafi_-_Ehsan_Tera_Hoga_Mujh_Par.jpg,tags
Mohammed Rafi - Likhe Jo Khat Tujhe.mp3,Mohammed Rafi,Likhe Jo Khat Tujhe,273.576,P:\Web Development\Audora\frontend\public\songs\covers\Mohammed_Rafi_-_Likhe_Jo_Khat_Tujhe.jpg,tags
Mohammed Rafi - Main Zindagi Ka Saath Nibhata Chala Gaya.mp3,Mohammed Rafi,Main Zindagi Ka Saath Nibhata Chala Gaya,230.664,P:\Web Development\Audora\frontend\public\songs\covers\Mohammed_Rafi_-_Main_Zindagi_Ka_Saath_Nibhata_Chala_Gaya.jpg,tags
Mohammed Rafi - Taarif Karoon Kya Uski.mp3,Mohammed Rafi,Taarif Karoon Kya Uski,326.712,P:\Web Development\Audora\frontend\public\songs\covers\Mohammed_Rafi_-_Taarif_Karoon_Kya_Uski.jpg,tags
"Mohammed Rafi, DJ Percy - Gulabi Ankhen - Remix.mp3",Mohammed Rafi/DJ Percy,Gulabi Ankhen - Remix,160.728,P:\Web Development\Audora\frontend\public\songs\covers\Mohammed_Rafi__DJ_Percy_-_Gulabi_Ankhen_-_Remix.jpg,tags
"Mohammed Rafi, Sanam - Taarif Karoon.mp3",Mohammed Rafi/Sanam,Taarif Karoon,157.8,P:\Web Development\Audora\frontend\public\songs\covers\Mohammed_Rafi__Sanam_-_Taarif_Karoon.jpg,tags
"Mohammed Rafi, Sushma Shrestha - Kya Hua Tera Wada.mp3",Mohammed Rafi/Sushma Shrestha,Kya Hua Tera Wada,240.024,P:\Web Development\Audora\frontend\public\songs\covers\Mohammed_Rafi__Sushma_Shrestha_-_Kya_Hua_Tera_Wada.jpg,tags
Mohit Chauhan - Haawa Haawa.mp3,Mohit Chauhan,Haawa Haawa,339.888,P:\Web Development\Audora\frontend\public\songs\covers\Mohit_Chauhan_-_Haawa_Haawa.jpg,tags
Mohit Chauhan - Jaagran (Rockstar).mp3,Mohit Chauhan,Jaagran (Rockstar),63.168,P:\Web Development\Audora\frontend\public\songs\covers\Mohit_Chauhan_-_Jaagran__Rockstar_.jpg,tags
Mohit Chauhan - Jo Bhi Main.mp3,Mohit Chauhan,Jo Bhi Main,273.528,P:\Web Development\Audora\frontend\public\songs\covers\Mohit_Chauhan_-_Jo_Bhi_Main.jpg,tags
Mohit Chauhan - Saadda Haq.mp3,Mohit Chauhan,Saadda Haq,362.688,P:\Web Development\Audora\frontend\public\songs\covers\Mohit_Chauhan_-_Saadda_Haq.jpg,tags
"Mohit Chauhan, Alma Ferovic - Aur Ho.mp3",Mohit Chauhan/Alma Ferovic,Aur Ho,332.448,P:\Web Development\Audora\frontend\public\songs\covers\Mohit_Chauhan__Alma_Ferovic_-_Aur_Ho.jpg,tags
"Mohit Chauhan, Karthik - Sheher Mein.mp3",Mohit Chauhan/Karthik,Sheher Mein,241.776,P:\Web Development\Audora\frontend\public\songs\covers\Mohit_Chauhan__Karthik_-_Sheher_Mein.jpg,tags
"Mohit Chauhan, Suzanne D'Mello - Tum Ho.mp3",Mohit Chauhan/Suzanne D'Mello,Tum Ho,316.536,P:\Web Development\Audora\frontend\public\songs\covers\Mohit_Chauhan__Suzanne_D_Mello_-_Tum_Ho.jpg,tags
Mukesh - Kisi Ki Muskurahaton Pe.mp3,Mukesh,Kisi Ki Muskurahaton Pe,267.264,P:\Web Development\Audora\frontend\public\songs\covers\Mukesh_-_Kisi_Ki_Muskurahaton_Pe.jpg,tags
Mukhtar Sahota - Charka.mp3,Mukhtar Sahota,Charka,340.8,P:\Web Development\Audora\frontend\public\songs\covers\Mukhtar_Sahota_-_Charka.jpg,tags
"Nakash Aziz, Sunidhi Chauhan, B. Ajaneesh Loknath, Anup Bhandari - Ra Ra Rakkamma.mp3",Nakash Aziz/Sunidhi Chauhan/B. Ajaneesh Loknath/Anup Bhandari,Ra Ra Rakkamma,218.376,P:\Web Development\Audora\frontend\public\songs\covers\Nakash_Aziz__Sunidhi_Chauhan__B._Ajaneesh_Loknath__Anup_Bhandari_-_Ra_Ra_Rakkamma.jpg,tags
"Naughty Boy, Sam Smith - La La La.mp3",Naughty Boy/Sam Smith,La La La,222.672,P:\Web Development\Audora\frontend\public\songs\covers\Naughty_Boy__Sam_Smith_-_La_La_La.jpg,tags
Neha Kakkar - Kar Gayi Chull.mp3,Neha Kakkar,Kar Gayi Chull,175.272,P:\Web Development\Audora\frontend\public\songs\covers\Neha_Kakkar_-_Kar_Gayi_Chull.jpg,tags
"Neha Kakkar, Dhvani Bhanushali, Ikka - Dilbar.mp3",Neha Kakkar/Dhvani Bhanushali/Ikka,Dilbar,184.464,P:\Web Development\Audora\frontend\public\songs\covers\Neha_Kakkar__Dhvani_Bhanushali__Ikka_-_Dilbar.jpg,tags
"Neha Kakkar, Dhvani Bhanushali, Ikka, Tanishk Bagchi - Dilbar (From 'Satyameva Jayate').mp3",Neha Kakkar/Dhvani Bhanushali/Ikka/Tanishk Bagchi,"Dilbar (From ""Satyameva Jayate"")",184.464,P:\Web Development\Audora\frontend\public\songs\covers\Neha_Kakkar__Dhvani_Bhanushali__Ikka__Tanishk_Bagchi_-_Dilbar__From__Satyameva_Jayate__.jpg,tags
"Neha Kakkar, Mika Singh, Kumar Sanu, Tanishk Bagchi - Aankh Marey (From 'Simmba').mp3",Neha Kakkar/Mika Singh/Kumar Sanu/Tanishk Bagchi,"Aankh Marey (From ""Simmba"")",212.784,P:\Web Development\Audora\frontend\public\songs\covers\Neha_Kakkar__Mika_Singh__Kumar_Sanu__Tanishk_Bagchi_-_Aankh_Marey__From__Simmba__.jpg,tags
"Neha Kakkar, Rashmi Virag - Gali Gali.mp3",Neha Kakkar/Rashmi Virag,Gali Gali,195.048,P:\Web Development\Audora\frontend\public\songs\covers\Neha_Kakkar__Rashmi_Virag_-_Gali_Gali.jpg,tags
"Neha Kakkar, Rohanpreet Singh, Showkidd, Samay - Baarish Mein Tum.mp3",Neha Kakkar/Rohanpreet Singh/Showkidd/Samay,Baarish Mein Tum,227.136,P:\Web Development\Audora\frontend\public\songs\covers\Neha_Kakkar__Rohanpreet_Singh__Showkidd__Samay_-_Baarish_Mein_Tum.jpg,tags
"Neha Kakkar, Tulsi Kumar, B Praak - O Saki Saki (From 'Batla House').mp3",Neha Kakkar/Tulsi Kumar/B Praak,"O Saki Saki (From ""Batla House"")",191.136,P:\Web Development\Audora\frontend\public\songs\covers\Neha_Kakkar__Tulsi_Kumar__B_Praak_-_O_Saki_Saki__From__Batla_House__.jpg,tags
"Nilotpal Bora, Hussain Haidry - Dhaaga.mp3",Nilotpal Bora/Hussain Haidry,Dhaaga,232.848,P:\Web Development\Audora\frontend\public\songs\covers\Nilotpal_Bora__Hussain_Haidry_-_Dhaaga.jpg,tags
"PARTYNEXTDOOR, Drake, Yebba - DIE TRYING.mp3",PARTYNEXTDOOR/Drake/Yebba,DIE TRYING,195.456,P:\Web Development\Audora\frontend\public\songs\covers\PARTYNEXTDOOR__Drake__Yebba_-_DIE_TRYING.jpg,tags
"Palak Muchhal, Arijit Singh - Chahun Main Ya Naa.mp3",Palak Muchhal/Arijit Singh,Chahun Main Ya Naa,304.944,P:\Web Development\Audora\frontend\public\songs\covers\Palak_Muchhal__Arijit_Singh_-_Chahun_Main_Ya_Naa.jpg,tags
"Payal Dev, Jubin Nautiyal, Kunaal Vermaa - Tum Hi Aana (From 'Marjaavaan').mp3",Payal Dev/Jubin Nautiyal/Kunaal Vermaa,"Tum Hi Aana (From ""Marjaavaan"")",249.168,P:\Web Development\Audora\frontend\public\songs\covers\Payal_Dev__Jubin_Nautiyal__Kunaal_Vermaa_-_Tum_Hi_Aana__From__Marjaavaan__.jpg,tags
Polyphia - Playing God.mp3,Polyphia,Playing God,205.968,P:\Web Development\Audora\frontend\public\songs\covers\Polyphia_-_Playing_God.jpg,tags
"Pritam, Amitabh Bhattacharya, Arijit Singh, Shreya Ghoshal - Tere Hawale (Arijit - Shreya Duet).mp3",Pritam/Amitabh Bhattacharya/Arijit Singh/Shreya Ghoshal,Tere Hawale (Arijit - Shreya Duet),348.264,P:\Web Development\Audora\frontend\public\songs\covers\Pritam__Amitabh_Bhattacharya__Arijit_Singh__Shreya_Ghoshal_-_Tere_Hawale__Arijit_-_Shreya_Duet_.jpg,tags
"Pritam, Arijit Singh - Ae Dil Hai Mushkil Title Track.mp3",Pritam/Arijit Singh,Ae Dil Hai Mushkil Title Track,269.064,P:\Web Development\Audora\frontend\public\songs\covers\Pritam__Arijit_Singh_-_Ae_Dil_Hai_Mushkil_Title_Track.jpg,tags
"Pritam, Arijit Singh - Hawayein.mp3",Pritam/Arijit Singh,Hawayein,290.04,P:\Web Development\Audora\frontend\public\songs\covers\Pritam__Arijit_Singh_-_Hawayein.jpg,tags
"Pritam, Arijit Singh - Khairiyat (Bonus Track).mp3",Pritam/Arijit Singh,Khairiyat (Bonus Track),270.744,P:\Web Development\Audora\frontend\public\songs\covers\Pritam__Arijit_Singh_-_Khairiyat__Bonus_Track_.jpg,tags
"Pritam, Arijit Singh - Khairiyat.mp3",Pritam/Arijit Singh,Khairiyat,280.32,P:\Web Development\Audora\frontend\public\songs\covers\Pritam__Arijit_Singh_-_Khairiyat.jpg,tags
"Pritam, Arijit Singh - Raabta.mp3",Pritam/Arijit Singh,Raabta,243.624,P:\Web Development\Audora\frontend\public\songs\covers\Pritam__Arijit_Singh_-_Raabta.jpg,tags
"Pritam, Arijit Singh - Shayad.mp3",Pritam/Arijit Singh,Shayad,220.632,P:\Web Development\Audora\frontend\public\songs\covers\Pritam__Arijit_Singh_-_Shayad.jpg,tags
"Pritam, Arijit Singh - Woh Din.mp3",Pritam/Arijit Singh,Woh Din,258.072,P:\Web Development\Audora\frontend\public\songs\covers\Pritam__Arijit_Singh_-_Woh_Din.jpg,tags
"Pritam, Arijit Singh, Amitabh Bhattacharya - Kesariya (From 'Brahmastra').mp3",Pritam/Arijit Singh/Amitabh Bhattacharya,"Kesariya (From ""Brahmastra"")",268.2,P:\Web Development\Audora\frontend\public\songs\covers\Pritam__Arijit_Singh__Amitabh_Bhattacharya_-_Kesariya__From__Brahmastra__.jpg,tags
"Pritam, Arijit Singh, Amitabh Bhattacharya - O Bedardeya (From 'Tu Jhoothi Main Makkaar').mp3",Pritam/Arijit Singh/Amitabh Bhattacharya,"O Bedardeya (From ""Tu Jhoothi Main Makkaar"")",313.08,P:\Web Development\Audora\frontend\public\songs\covers\Pritam__Arijit_Singh__Amitabh_Bhattacharya_-_O_Bedardeya__From__Tu_Jhoothi_Main_Makkaar__.jpg,tags
"Pritam, Arijit Singh, Badshah, Jonita Gandhi, Nakash Aziz - The Breakup Song.mp3",Pritam/Arijit Singh/Badshah/Jonita Gandhi/Nakash Aziz,The Breakup Song,242.04,P:\Web Development\Audora\frontend\public\songs\covers\Pritam__Arijit_Singh__Badshah__Jonita_Gandhi__Nakash_Aziz_-_The_Breakup_Song.jpg,tags
"Pritam, Arijit Singh, Irshad Kamil - O Maahi.mp3",Pritam/Arijit Singh/Irshad Kamil,O Maahi,233.496,P:\Web Development\Audora\frontend\public\songs\covers\Pritam__Arijit_Singh__Irshad_Kamil_-_O_Maahi.jpg,tags
"Pritam, Arijit Singh, Nikhita Gandhi, Amitabh Bhattacharya - Aavan Jaavan.mp3",Pritam/Arijit Singh/Nikhita Gandhi/Amitabh Bhattacharya,Aavan Jaavan,225.576,P:\Web Development\Audora\frontend\public\songs\covers\Pritam__Arijit_Singh__Nikhita_Gandhi__Amitabh_Bhattacharya_-_Aavan_Jaavan.jpg,tags
"Pritam, Atif Aslam, Alisha Chinai - Tera Hone Laga Hoon.mp3",Pritam/Atif Aslam/Alisha Chinai,Tera Hone Laga Hoon,299.856,P:\Web Development\Audora\frontend\public\songs\covers\Pritam__Atif_Aslam__Alisha_Chinai_-_Tera_Hone_Laga_Hoon.jpg,tags
"Pritam, Atif Aslam, Amitabh Bhattacharya - Tu Chahiye.mp3",Pritam/Atif Aslam/Amitabh Bhattacharya,Tu Chahiye,272.712,P:\Web Development\Audora\frontend\public\songs\covers\Pritam__Atif_Aslam__Amitabh_Bhattacharya_-_Tu_Chahiye.jpg,tags
"Pritam, Javed Bashir - Ye Tune Kya Kiya.mp3",Pritam/Javed Bashir,Ye Tune Kya Kiya,314.28,P:\Web Development\Audora\frontend\public\songs\covers\Pritam__Javed_Bashir_-_Ye_Tune_Kya_Kiya.jpg,tags
"Pritam, Jubin Nautiyal, Neelesh Misra - Zindagi Kuch Toh Bata (Reprise).mp3",Pritam/Jubin Nautiyal/Neelesh Misra,Zindagi Kuch Toh Bata (Reprise),258.912,P:\Web Development\Audora\frontend\public\songs\covers\Pritam__Jubin_Nautiyal__Neelesh_Misra_-_Zindagi_Kuch_Toh_Bata__Reprise_.jpg,tags
"Pritam, KK - Dil Ibaadat.mp3",Pritam/KK,Dil Ibaadat,326.736,P:\Web Development\Audora\frontend\public\songs\covers\Pritam__KK_-_Dil_Ibaadat.jpg,tags
"Pritam, KK - Haan Tu Hain.mp3",Pritam/KK,Haan Tu Hain,324.912,P:\Web Development\Audora\frontend\public\songs\covers\Pritam__KK_-_Haan_Tu_Hain.jpg,tags
"Pritam, KK - Labon Ko.mp3",Pritam/KK,Labon Ko,341.064,P:\Web Development\Audora\frontend\public\songs\covers\Pritam__KK_-_Labon_Ko.jpg,tags
"Pritam, KK - Tu Hi Meri Shab Hai - From 'Gangster'.mp3",Pritam/KK,"Tu Hi Meri Shab Hai - From ""Gangster""",387.984,P:\Web Development\Audora\frontend\public\songs\covers\Pritam__KK_-_Tu_Hi_Meri_Shab_Hai_-_From__Gangster_.jpg,tags
"Pritam, KK - Zara Sa.mp3",Pritam/KK,Zara Sa,303.72,P:\Web Development\Audora\frontend\public\songs\covers\Pritam__KK_-_Zara_Sa.jpg,tags
"Pritam, KK, Neelesh Misra - Kya Mujhe Pyar Hai.mp3",Pritam/KK/Neelesh Misra,Kya Mujhe Pyar Hai,266.688,P:\Web Development\Audora\frontend\public\songs\covers\Pritam__KK__Neelesh_Misra_-_Kya_Mujhe_Pyar_Hai.jpg,tags
"Pritam, Mika Singh, Shefali Alvares - Subha Hone Na De.mp3",Pritam/Mika Singh/Shefali Alvares,Subha Hone Na De,288.744,P:\Web Development\Audora\frontend\public\songs\covers\Pritam__Mika_Singh__Shefali_Alvares_-_Subha_Hone_Na_De.jpg,tags
"Pritam, Mika Singh, Shefali Alvares - Tu Mera Hero.mp3",Pritam/Mika Singh/Shefali Alvares,Tu Mera Hero,291.888,P:\Web Development\Audora\frontend\public\songs\covers\Pritam__Mika_Singh__Shefali_Alvares_-_Tu_Mera_Hero.jpg,tags
"Pritam, Mohit Chauhan, Irshad Kamil - Pee Loon.mp3",Pritam/Mohit Chauhan/Irshad Kamil,Pee Loon,285.72,P:\Web Development\Audora\frontend\public\songs\covers\Pritam__Mohit_Chauhan__Irshad_Kamil_-_Pee_Loon.jpg,tags
"Pritam, Mohit Chauhan, Irshad Kamil - Tum Se Hi.mp3",Pritam/Mohit Chauhan/Irshad Kamil,Tum Se Hi,321.264,P:\Web Development\Audora\frontend\public\songs\covers\Pritam__Mohit_Chauhan__Irshad_Kamil_-_Tum_Se_Hi.jpg,tags
"Pritam, Neeraj Shridhar, Amrita Kak - Character Dheela.mp3",Pritam/Neeraj Shridhar/Amrita Kak,Character Dheela,226.344,P:\Web Development\Audora\frontend\public\songs\covers\Pritam__Neeraj_Shridhar__Amrita_Kak_-_Character_Dheela.jpg,tags
"Pritam, Neeraj Shridhar, Suzanne D'Mello - Prem Ki Naiyya.mp3",Pritam/Neeraj Shridhar/Suzanne D'Mello,Prem Ki Naiyya,251.16,P:\Web Development\Audora\frontend\public\songs\covers\Pritam__Neeraj_Shridhar__Suzanne_D_Mello_-_Prem_Ki_Naiyya.jpg,tags
"Pritam, Neeraj Shridhar, Tulsi Kumar, Ashish Pandit - Love Mera Hit Hit.mp3",Pritam/Neeraj Shridhar/Tulsi Kumar/Ashish Pandit,Love Mera Hit Hit,286.08,P:\Web Development\Audora\frontend\public\songs\covers\Pritam__Neeraj_Shridhar__Tulsi_Kumar__Ashish_Pandit_-_Love_Mera_Hit_Hit.jpg,tags
"Pritam, Papon - Jiyein Kyun.mp3",Pritam/Papon,Jiyein Kyun,265.008,P:\Web Development\Audora\frontend\public\songs\covers\Pritam__Papon_-_Jiyein_Kyun.jpg,tags
"Pritam, Shaan - Let It Be.mp3",Pritam/Shaan,Let It Be,253.128,P:\Web Development\Audora\frontend\public\songs\covers\Pritam__Shaan_-_Let_It_Be.jpg,tags
"Pritam, Shafqat Amanat Ali - Tu Hi Mera.mp3",Pritam/Shafqat Amanat Ali,Tu Hi Mera,273.0,P:\Web Development\Audora\frontend\public\songs\covers\Pritam__Shafqat_Amanat_Ali_-_Tu_Hi_Mera.jpg,tags
"Pritam, Sonu Nigam, Shilpa Rao - Allah Maaf Kare.mp3",Pritam/Sonu Nigam/Shilpa Rao,Allah Maaf Kare,226.92,P:\Web Development\Audora\frontend\public\songs\covers\Pritam__Sonu_Nigam__Shilpa_Rao_-_Allah_Maaf_Kare.jpg,tags
"Pritam, Tochi Raina, Rekha Bhardwaj - Kabira.mp3",Pritam/Tochi Raina/Rekha Bhardwaj,Kabira,223.488,P:\Web Development\Audora\frontend\public\songs\covers\Pritam__Tochi_Raina__Rekha_Bhardwaj_-_Kabira.jpg,tags
"QARAN, Badshah - Tareefan.mp3",QARAN/Badshah,Tareefan,193.248,P:\Web Development\Audora\frontend\public\songs\covers\QARAN__Badshah_-_Tareefan.jpg,tags
Rabbi Shergill - Tere Bin.mp3,Rabbi Shergill,Tere Bin,322.728,P:\Web Development\Audora\frontend\public\songs\covers\Rabbi_Shergill_-_Tere_Bin.jpg,tags
Raftaar - Baby Marvake Maanegi.mp3,Raftaar,Baby Marvake Maanegi,187.584,P:\Web Development\Audora\frontend\public\songs\covers\Raftaar_-_Baby_Marvake_Maanegi.jpg,tags
"Raftaar, Badshah - RAASHAH.mp3",Raftaar/Badshah,RAASHAH,220.848,P:\Web Development\Audora\frontend\public\songs\covers\Raftaar__Badshah_-_RAASHAH.jpg,tags
"Raftaar, Badshah, Hiten - BAAWE.mp3",Raftaar/Badshah/Hiten,BAAWE,159.216,P:\Web Development\Audora\frontend\public\songs\covers\Raftaar__Badshah__Hiten_-_BAAWE.jpg,tags
"Raftaar, Dhanda Nyoliwala - Chora Baba Ka.mp3",Raftaar/Dhanda Nyoliwala,Chora Baba Ka,175.656,P:\Web Development\Audora\frontend\public\songs\covers\Raftaar__Dhanda_Nyoliwala_-_Chora_Baba_Ka.jpg,tags
"Raftaar, Payal Dev, Gourov-Roshin, Rajesh Roshan, Kumaar, Anjaan - Haseeno Ka Deewana.mp3",Raftaar/Payal Dev/Gourov-Roshin/Rajesh Roshan/Kumaar/Anjaan,Haseeno Ka Deewana,230.928,P:\Web Development\Audora\frontend\public\songs\covers\Raftaar__Payal_Dev__Gourov-Roshin__Rajesh_Roshan__Kumaar__Anjaan_-_Haseeno_Ka_Deewana.jpg,tags
"Raftaar, Rashmeet Kaur, Surbhi Jyoti, Bollywood Sped Up - Ghana Kasoota - Sped Up.mp3",Raftaar/Rashmeet Kaur/Surbhi Jyoti/Bollywood Sped Up,Ghana Kasoota - Sped Up,135.048,P:\Web Development\Audora\frontend\public\songs\covers\Raftaar__Rashmeet_Kaur__Surbhi_Jyoti__Bollywood_Sped_Up_-_Ghana_Kasoota_-_Sped_Up.jpg,tags
"Raftaar, Shahid Mallya - Toh Dishoom.mp3",Raftaar/Shahid Mallya,Toh Dishoom,244.824,P:\Web Development\Audora\frontend\public\songs\covers\Raftaar__Shahid_Mallya_-_Toh_Dishoom.jpg,tags
"Raftaar, Sukh-E Muzical Doctorz, Jaani - All Black.mp3",Raftaar/Sukh-E Muzical Doctorz/Jaani,All Black,218.184,P:\Web Development\Audora\frontend\public\songs\covers\Raftaar__Sukh-E_Muzical_Doctorz__Jaani_-_All_Black.jpg,tags
Rahat Fateh Ali Khan - Dil To Bachcha Hai.mp3,Rahat Fateh Ali Khan,Dil To Bachcha Hai,336.072,P:\Web Development\Audora\frontend\public\songs\covers\Rahat_Fateh_Ali_Khan_-_Dil_To_Bachcha_Hai.jpg,tags
Ranbir Kapoor - Meeting Place.mp3,Ranbir Kapoor,Meeting Place,69.528,P:\Web Development\Audora\frontend\public\songs\covers\Ranbir_Kapoor_-_Meeting_Place.jpg,tags
"Rochak Kohli, Arijit Singh, Neha Kakkar - Tu Hi Yaar Mera.mp3",Rochak Kohli/Arijit Singh/Neha Kakkar,Tu Hi Yaar Mera,201.024,P:\Web Development\Audora\frontend\public\songs\covers\Rochak_Kohli__Arijit_Singh__Neha_Kakkar_-_Tu_Hi_Yaar_Mera.jpg,tags
"Sachet Tandon, Kunaal Vermaa, The Fusion Project - Humraah (From 'Malang - Unleash The Madness').mp3",Sachet Tandon/Kunaal Vermaa/The Fusion Project,"Humraah (From ""Malang - Unleash The Madness"")",299.856,P:\Web Development\Audora\frontend\public\songs\covers\Sachet_Tandon__Kunaal_Vermaa__The_Fusion_Project_-_Humraah__From__Malang_-_Unleash_The_Madness__.jpg,tags
"Sachet Tandon, Shellee - Maiyya Mainu.mp3",Sachet Tandon/Shellee,Maiyya Mainu,231.6,P:\Web Development\Audora\frontend\public\songs\covers\Sachet_Tandon__Shellee_-_Maiyya_Mainu.jpg,tags
"Sachin Gupta, Sanam - Kuchh Na Kaho - Lofi.mp3",Sachin Gupta/Sanam,Kuchh Na Kaho - Lofi,240.888,P:\Web Development\Audora\frontend\public\songs\covers\Sachin_Gupta__Sanam_-_Kuchh_Na_Kaho_-_Lofi.jpg,tags
"Sachin-Jigar, Arijit Singh, Amitabh Bhattacharya - Apna Bana Le.mp3",Sachin-Jigar/Arijit Singh/Amitabh Bhattacharya,Apna Bana Le,261.744,P:\Web Development\Audora\frontend\public\songs\covers\Sachin-Jigar__Arijit_Singh__Amitabh_Bhattacharya_-_Apna_Bana_Le.jpg,tags
"Sachin-Jigar, Arijit Singh, Amitabh Bhattacharya - Phir Aur Kya Chahiye (From 'Zara Hatke Zara Bachke').mp3",Sachin-Jigar/Arijit Singh/Amitabh Bhattacharya,"Phir Aur Kya Chahiye (From ""Zara Hatke Zara Bachke"")",266.112,P:\Web Development\Audora\frontend\public\songs\covers\Sachin-Jigar__Arijit_Singh__Amitabh_Bhattacharya_-_Phir_Aur_Kya_Chahiye__From__Zara_Hatke_Zara_Bachke__.jpg,tags
"Sachin-Jigar, Atif Aslam, Priya Saraiya - Jeena Jeena.mp3",Sachin-Jigar/Atif Aslam/Priya Saraiya,Jeena Jeena,229.008,P:\Web Development\Audora\frontend\public\songs\covers\Sachin-Jigar__Atif_Aslam__Priya_Saraiya_-_Jeena_Jeena.jpg,tags
"Sachin-Jigar, Pawan Singh, Simran Choudhary, Divya Kumar, Amitabh Bhattacharya - Aayi Nai (From 'Stree 2').mp3",Sachin-Jigar/Pawan Singh/Simran Choudhary/Divya Kumar/Amitabh Bhattacharya,"Aayi Nai (From ""Stree 2"")",178.824,P:\Web Development\Audora\frontend\public\songs\covers\Sachin-Jigar__Pawan_Singh__Simran_Choudhary__Divya_Kumar__Amitabh_Bhattacharya_-_Aayi_Nai__From__Stree_2__.jpg,tags
"Sachin-Jigar, Pawan Singh, Simran Choudhary, Divya Kumar, Amitabh Bhattacharya - Aayi Nai.mp3",Sachin-Jigar/Pawan Singh/Simran Choudhary/Divya Kumar/Amitabh Bhattacharya,Aayi Nai,178.824,P:\Web Development\Audora\frontend\public\songs\covers\Sachin-Jigar__Pawan_Singh__Simran_Choudhary__Divya_Kumar__Amitabh_Bhattacharya_-_Aayi_Nai.jpg,tags
"Sachin-Jigar, Sonu Nigam, Krishnakali Saha, Amitabh Bhattacharya - Pardesiya - From 'Param Sundari'.mp3",Sachin-Jigar/Sonu Nigam/Krishnakali Saha/Amitabh Bhattacharya,"Pardesiya - From ""Param Sundari""",231.768,P:\Web Development\Audora\frontend\public\songs\covers\Sachin-Jigar__Sonu_Nigam__Krishnakali_Saha__Amitabh_Bhattacharya_-_Pardesiya_-_From__Param_Sundari_.jpg,tags
"Sajid-Wajid, Rahat Fateh Ali Khan, Sunidhi Chauhan, Suzanne D'Mello, Gulzar - Surili Akhiyon Wale - Duet.mp3",Sajid-Wajid/Rahat Fateh Ali Khan/Sunidhi Chauhan/Suzanne D'Mello/Gulzar,Surili Akhiyon Wale - Duet,332.16,P:\Web Development\Audora\frontend\public\songs\covers\Sajid-Wajid__Rahat_Fateh_Ali_Khan__Sunidhi_Chauhan__Suzanne_D_Mello__Gulzar_-_Surili_Akhiyon_Wale_-_Duet.jpg,tags
"Salim–Sulaiman, Roop Kumar Rathod, Jaideep Sahni - Tujh Mein Rab Dikhta Hai.mp3",Salim–Sulaiman/Roop Kumar Rathod/Jaideep Sahni,Tujh Mein Rab Dikhta Hai,281.184,P:\Web Development\Audora\frontend\public\songs\covers\Salim_Sulaiman__Roop_Kumar_Rathod__Jaideep_Sahni_-_Tujh_Mein_Rab_Dikhta_Hai.jpg,tags
"Salim–Sulaiman, Sonu Nigam, Shreya Ghoshal, Salim Merchant - Shukran Allah.mp3",Salim–Sulaiman/Sonu Nigam/Shreya Ghoshal/Salim Merchant,Shukran Allah,290.088,P:\Web Development\Audora\frontend\public\songs\covers\Salim_Sulaiman__Sonu_Nigam__Shreya_Ghoshal__Salim_Merchant_-_Shukran_Allah.jpg,tags
Sanam - Gulabi Aankhen.mp3,Sanam,Gulabi Aankhen,197.784,P:\Web Development\Audora\frontend\public\songs\covers\Sanam_-_Gulabi_Aankhen.jpg,tags
Sanam - Pehla Nasha.mp3,Sanam,Pehla Nasha,224.256,P:\Web Development\Audora\frontend\public\songs\covers\Sanam_-_Pehla_Nasha.jpg,tags
"Sanam, Laxmikant–Pyarelal - Mere Mehboob Qayamat Hogi.mp3",Sanam/Laxmikant–Pyarelal,Mere Mehboob Qayamat Hogi,240.912,P:\Web Development\Audora\frontend\public\songs\covers\Sanam__Laxmikant_Pyarelal_-_Mere_Mehboob_Qayamat_Hogi.jpg,tags
"Sanam, Mira Mohamed Majid - Yeh Vaada Raha.mp3",Sanam/Mira Mohamed Majid,Yeh Vaada Raha,183.072,P:\Web Development\Audora\frontend\public\songs\covers\Sanam__Mira_Mohamed_Majid_-_Yeh_Vaada_Raha.jpg,tags
"Sanam, R. D. Burman - Chala Jata Hoon.mp3",Sanam/R. D. Burman,Chala Jata Hoon,210.024,P:\Web Development\Audora\frontend\public\songs\covers\Sanam__R._D._Burman_-_Chala_Jata_Hoon.jpg,tags
"Sanam, R. D. Burman - Tujhse Naraz Nahi Zindagi.mp3",Sanam/R. D. Burman,Tujhse Naraz Nahi Zindagi,237.72,P:\Web Development\Audora\frontend\public\songs\covers\Sanam__R._D._Burman_-_Tujhse_Naraz_Nahi_Zindagi.jpg,tags
"Sanam, Simran Sehgal - Yeh Raaten Yeh Mausam.mp3",Sanam/Simran Sehgal,Yeh Raaten Yeh Mausam,208.968,P:\Web Development\Audora\frontend\public\songs\covers\Sanam__Simran_Sehgal_-_Yeh_Raaten_Yeh_Mausam.jpg,tags
Seedhe Maut - 11K.mp3,Seedhe Maut,11K,174.264,P:\Web Development\Audora\frontend\public\songs\covers\Seedhe_Maut_-_11K.jpg,tags
Seedhe Maut - Namastute.mp3,Seedhe Maut,Namastute,120.216,P:\Web Development\Audora\frontend\public\songs\covers\Seedhe_Maut_-_Namastute.jpg,tags
Seedhe Maut - Raat Ki Rani.mp3,Seedhe Maut,Raat Ki Rani,211.224,P:\Web Development\Audora\frontend\public\songs\covers\Seedhe_Maut_-_Raat_Ki_Rani.jpg,tags
"Seedhe Maut, Bandzo3rd - Luka Chippi.mp3",Seedhe Maut/Bandzo3rd,Luka Chippi,141.6,P:\Web Development\Audora\frontend\public\songs\covers\Seedhe_Maut__Bandzo3rd_-_Luka_Chippi.jpg,tags
"Seedhe Maut, Hurricane, DL91 Era - Madira.mp3",Seedhe Maut/Hurricane/DL91 Era,Madira,169.872,P:\Web Development\Audora\frontend\public\songs\covers\Seedhe_Maut__Hurricane__DL91_Era_-_Madira.jpg,tags
"Seedhe Maut, MC STAN - Nanchaku.mp3",Seedhe Maut/MC STAN,Nanchaku,193.152,P:\Web Development\Audora\frontend\public\songs\covers\Seedhe_Maut__MC_STAN_-_Nanchaku.jpg,tags
"Shaan, KK - Dus Bahane (From 'Dus').mp3",Shaan/KK,"Dus Bahane (From ""Dus"")",206.976,P:\Web Development\Audora\frontend\public\songs\covers\Shaan__KK_-_Dus_Bahane__From__Dus__.jpg,tags
"Shaan, Kailash Kher - Chand Sifarish.mp3",Shaan/Kailash Kher,Chand Sifarish,275.544,P:\Web Development\Audora\frontend\public\songs\covers\Shaan__Kailash_Kher_-_Chand_Sifarish.jpg,tags
"Shaan, Neeraj, Shaznine - Dil Dil Nazar.mp3",Shaan/Neeraj/Shaznine,Dil Dil Nazar,321.528,P:\Web Development\Audora\frontend\public\songs\covers\Shaan__Neeraj__Shaznine_-_Dil_Dil_Nazar.jpg,tags
"Shaan, Shreya Ghoshal, Shantanu Moitra, Swanand Kirkire - Chaar Kadam.mp3",Shaan/Shreya Ghoshal/Shantanu Moitra/Swanand Kirkire,Chaar Kadam,242.712,P:\Web Development\Audora\frontend\public\songs\covers\Shaan__Shreya_Ghoshal__Shantanu_Moitra__Swanand_Kirkire_-_Chaar_Kadam.jpg,tags
"Shaan, Shweta Pandit, Suzi Q, Earl D'Souza - You're My Love.mp3",Shaan/Shweta Pandit/Suzi Q/Earl D'Souza,You're My Love,277.32,P:\Web Development\Audora\frontend\public\songs\covers\Shaan__Shweta_Pandit__Suzi_Q__Earl_D_Souza_-_You_re_My_Love.jpg,tags
"Shaarib Toshi, Arijit Singh - Bandeya - From 'Dil Juunglee'.mp3",Shaarib Toshi/Arijit Singh,"Bandeya - From ""Dil Juunglee""",184.704,P:\Web Development\Audora\frontend\public\songs\covers\Shaarib_Toshi__Arijit_Singh_-_Bandeya_-_From__Dil_Juunglee_.jpg,tags
"Shabbir Kumar, Sunidhi Chauhan - I Don't Know What To Do.mp3",Shabbir Kumar/Sunidhi Chauhan,I Don't Know What To Do,199.104,P:\Web Development\Audora\frontend\public\songs\covers\Shabbir_Kumar__Sunidhi_Chauhan_-_I_Don_t_Know_What_To_Do.jpg,tags
Shankar Mahadevan - Enna Solla Pogirai.mp3,Shankar Mahadevan,Enna Solla Pogirai,360.912,P:\Web Development\Audora\frontend\public\songs\covers\Shankar_Mahadevan_-_Enna_Solla_Pogirai.jpg,tags
"Shankar Mahadevan, Jaanvee Prabhu Arora - Mitwaa.mp3",Shankar Mahadevan/Jaanvee Prabhu Arora,Mitwaa,278.832,P:\Web Development\Audora\frontend\public\songs\covers\Shankar_Mahadevan__Jaanvee_Prabhu_Arora_-_Mitwaa.jpg,tags
"Shankar Mahadevan, Mame Khan - Doli Re Doli.mp3",Shankar Mahadevan/Mame Khan,Doli Re Doli,333.072,P:\Web Development\Audora\frontend\public\songs\covers\Shankar_Mahadevan__Mame_Khan_-_Doli_Re_Doli.jpg,tags
"Shankar Mahadevan, Shreya Ghoshal - Tere Naina.mp3",Shankar Mahadevan/Shreya Ghoshal,Tere Naina,257.04,P:\Web Development\Audora\frontend\public\songs\covers\Shankar_Mahadevan__Shreya_Ghoshal_-_Tere_Naina.jpg,tags
"Shankar-Ehsaan-Loy, Adnan Sami, Shankar Mahadevan, Shreya Ghoshal - Noor E Khuda.mp3",Shankar-Ehsaan-Loy/Adnan Sami/Shankar Mahadevan/Shreya Ghoshal,Noor E Khuda,397.104,P:\Web Development\Audora\frontend\public\songs\covers\Shankar-Ehsaan-Loy__Adnan_Sami__Shankar_Mahadevan__Shreya_Ghoshal_-_Noor_E_Khuda.jpg,tags
"Shankar-Ehsaan-Loy, Alisha Chinai, Shankar Mahadevan, Javed Ali, Gulzar - Kajra Re.mp3",Shankar-Ehsaan-Loy/Alisha Chinai/Shankar Mahadevan/Javed Ali/Gulzar,Kajra Re,482.208,P:\Web Development\Audora\frontend\public\songs\covers\Shankar-Ehsaan-Loy__Alisha_Chinai__Shankar_Mahadevan__Javed_Ali__Gulzar_-_Kajra_Re.jpg,tags
"Shankar-Ehsaan-Loy, Diljit Dosanjh - Ishq Di Baajiyaan.mp3",Shankar-Ehsaan-Loy/Diljit Dosanjh,Ishq Di Baajiyaan,287.16,P:\Web Development\Audora\frontend\public\songs\covers\Shankar-Ehsaan-Loy__Diljit_Dosanjh_-_Ishq_Di_Baajiyaan.jpg,tags
"Shankar-Ehsaan-Loy, Shafqat Amanat Ali - Tere Naina.mp3",Shankar-Ehsaan-Loy/Shafqat Amanat Ali,Tere Naina,278.592,P:\Web Development\Audora\frontend\public\songs\covers\Shankar-Ehsaan-Loy__Shafqat_Amanat_Ali_-_Tere_Naina.jpg,tags
"Shankar-Ehsaan-Loy, Shreya Ghoshal, Javed Bashir, Yusuf Mohammed, Vajid Ali - O Rangrez.mp3",Shankar-Ehsaan-Loy/Shreya Ghoshal/Javed Bashir/Yusuf Mohammed/Vajid Ali,O Rangrez,177.648,P:\Web Development\Audora\frontend\public\songs\covers\Shankar-Ehsaan-Loy__Shreya_Ghoshal__Javed_Bashir__Yusuf_Mohammed__Vajid_Ali_-_O_Rangrez.jpg,tags
"Shankar-Ehsaan-Loy, Siddharth Mahadevan - Zinda.mp3",Shankar-Ehsaan-Loy/Siddharth Mahadevan,Zinda,210.912,P:\Web Development\Audora\frontend\public\songs\covers\Shankar-Ehsaan-Loy__Siddharth_Mahadevan_-_Zinda.jpg,tags
"Shankar-Ehsaan-Loy, Sukhwinder Singh, Loy Mendonsa, Shankar Mahadevan - Slow Motion Angreza.mp3",Shankar-Ehsaan-Loy/Sukhwinder Singh/Loy Mendonsa/Shankar Mahadevan,Slow Motion Angreza,260.04,P:\Web Development\Audora\frontend\public\songs\covers\Shankar-Ehsaan-Loy__Sukhwinder_Singh__Loy_Mendonsa__Shankar_Mahadevan_-_Slow_Motion_Angreza.jpg,tags
"Shashwat Sachdev, Sangtar, Manmohan Waris, Kamal Heer, Sukhwinder Amrit - O Shera - Teer Te Taj (Film Version) - From 'Kesari Chapter 2'.mp3",Shashwat Sachdev/Sangtar/Manmohan Waris/Kamal Heer/Sukhwinder Amrit,"O Shera - Teer Te Taj (Film Version) - From ""Kesari Chapter 2""",152.664,P:\Web Development\Audora\frontend\public\songs\covers\Shashwat_Sachdev__Sangtar__Manmohan_Waris__Kamal_Heer__Sukhwinder_Amrit_-_O_Shera_-_Teer_Te_Taj__Film_Version__-_From__Kesari_Chapter_2_.jpg,tags
Shikhar Saxena - Sauda Iss Dil Ka - From 'Sharma Ji Ki Shaadi'.mp3,Shikhar Saxena,"Sauda Iss Dil Ka - From ""Sharma Ji Ki Shaadi""",207.312,P:\Web Development\Audora\frontend\public\songs\covers\Shikhar_Saxena_-_Sauda_Iss_Dil_Ka_-_From__Sharma_Ji_Ki_Shaadi_.jpg,tags
Shreya Ghoshal - Sunn Raha Hai (Female Version).mp3,Shreya Ghoshal,Sunn Raha Hai (Female Version),314.736,P:\Web Development\Audora\frontend\public\songs\covers\Shreya_Ghoshal_-_Sunn_Raha_Hai__Female_Version_.jpg,tags
"Shreya Ghoshal, Shaan, Neelesh Misra - Jaadu Hai Nasha.mp3",Shreya Ghoshal/Shaan/Neelesh Misra,Jaadu Hai Nasha,327.936,P:\Web Development\Audora\frontend\public\songs\covers\Shreya_Ghoshal__Shaan__Neelesh_Misra_-_Jaadu_Hai_Nasha.jpg,tags
Sidhu Moose Wala - 295.mp3,Sidhu Moose Wala,295,270.024,P:\Web Development\Audora\frontend\public\songs\covers\Sidhu_Moose_Wala_-_295.jpg,tags
Sidhu Moose Wala - Dawood.mp3,Sidhu Moose Wala,Dawood,197.136,P:\Web Development\Audora\frontend\public\songs\covers\Sidhu_Moose_Wala_-_Dawood.jpg,tags
Sidhu Moose Wala - Death Route.mp3,Sidhu Moose Wala,Death Route,217.56,P:\Web Development\Audora\frontend\public\songs\covers\Sidhu_Moose_Wala_-_Death_Route.jpg,tags
Sidhu Moose Wala - East Side Flow.mp3,Sidhu Moose Wala,East Side Flow,224.256,P:\Web Development\Audora\frontend\public\songs\covers\Sidhu_Moose_Wala_-_East_Side_Flow.jpg,tags
Sidhu Moose Wala - Never Fold.mp3,Sidhu Moose Wala,Never Fold,180.672,P:\Web Development\Audora\frontend\public\songs\covers\Sidhu_Moose_Wala_-_Never_Fold.jpg,tags
Sidhu Moose Wala - Outlaw.mp3,Sidhu Moose Wala,Outlaw,180.936,P:\Web Development\Audora\frontend\public\songs\covers\Sidhu_Moose_Wala_-_Outlaw.jpg,tags
"Sidhu Moose Wala, Jenny Johal, The Kidd - 0008.mp3",Sidhu Moose Wala/Jenny Johal/The Kidd,0008,132.36,P:\Web Development\Audora\frontend\public\songs\covers\Sidhu_Moose_Wala__Jenny_Johal__The_Kidd_-_0008.jpg,tags
"Sidhu Moose Wala, The Kidd - Lock.mp3",Sidhu Moose Wala/The Kidd,Lock,175.224,P:\Web Development\Audora\frontend\public\songs\covers\Sidhu_Moose_Wala__The_Kidd_-_Lock.jpg,tags
"Sohail Sen, Ali Zafar, Shweta Pandit, Irshad Kamil - Madhubala.mp3",Sohail Sen/Ali Zafar/Shweta Pandit/Irshad Kamil,Madhubala,262.872,P:\Web Development\Audora\frontend\public\songs\covers\Sohail_Sen__Ali_Zafar__Shweta_Pandit__Irshad_Kamil_-_Madhubala.jpg,tags
"Sohan Rahman, MC Khan - Tune Jo Na Kaha.mp3",Sohan Rahman/MC Khan,Tune Jo Na Kaha,121.704,P:\Web Development\Audora\frontend\public\songs\covers\Sohan_Rahman__MC_Khan_-_Tune_Jo_Na_Kaha.jpg,tags
Sonu Nigam - Tu.mp3,Sonu Nigam,Tu,266.064,P:\Web Development\Audora\frontend\public\songs\covers\Sonu_Nigam_-_Tu.jpg,tags
"Sonu Nigam, Sabri Brothers - Tumse Milke Dil Ka.mp3",Sonu Nigam/Sabri Brothers,Tumse Milke Dil Ka,359.328,P:\Web Development\Audora\frontend\public\songs\covers\Sonu_Nigam__Sabri_Brothers_-_Tumse_Milke_Dil_Ka.jpg,tags
"Sonu Nigam, Shreya Ghoshal - Chori Kiya Re Jiya.mp3",Sonu Nigam/Shreya Ghoshal,Chori Kiya Re Jiya,286.752,P:\Web Development\Audora\frontend\public\songs\covers\Sonu_Nigam__Shreya_Ghoshal_-_Chori_Kiya_Re_Jiya.jpg,tags
"Sonu Nigam, Shreya Ghoshal - Dil Dooba (From 'Khakee').mp3",Sonu Nigam/Shreya Ghoshal,"Dil Dooba (From ""Khakee"")",229.272,P:\Web Development\Audora\frontend\public\songs\covers\Sonu_Nigam__Shreya_Ghoshal_-_Dil_Dooba__From__Khakee__.jpg,tags
"Sonu Nigam, Shreya Ghoshal - Dil Dooba.mp3",Sonu Nigam/Shreya Ghoshal,Dil Dooba,229.272,P:\Web Development\Audora\frontend\public\songs\covers\Sonu_Nigam__Shreya_Ghoshal_-_Dil_Dooba.jpg,tags
"Sonu Nigam, Shreya Ghoshal - Main Agar Kahoon.mp3",Sonu Nigam/Shreya Ghoshal,Main Agar Kahoon,308.184,P:\Web Development\Audora\frontend\public\songs\covers\Sonu_Nigam__Shreya_Ghoshal_-_Main_Agar_Kahoon.jpg,tags
"Sonu Nigam, Shreya Ghoshal - Zoobi Doobi.mp3",Sonu Nigam/Shreya Ghoshal,Zoobi Doobi,246.192,P:\Web Development\Audora\frontend\public\songs\covers\Sonu_Nigam__Shreya_Ghoshal_-_Zoobi_Doobi.jpg,tags
"Sumedha Karmahe, Atif Aslam - Toota Jo Kabhi Tara.mp3",Sumedha Karmahe/Atif Aslam,Toota Jo Kabhi Tara,305.04,P:\Web Development\Audora\frontend\public\songs\covers\Sumedha_Karmahe__Atif_Aslam_-_Toota_Jo_Kabhi_Tara.jpg,tags
"Sunidhi Chauhan, Divya Kumar, Amit Trivedi - Halka Halka.mp3",Sunidhi Chauhan/Divya Kumar/Amit Trivedi,Halka Halka,135.456,P:\Web Development\Audora\frontend\public\songs\covers\Sunidhi_Chauhan__Divya_Kumar__Amit_Trivedi_-_Halka_Halka.jpg,tags
"Sunidhi Chauhan, Vishal Dadlani - Sheila Ki Jawani (From 'Tees Maar Khan').mp3",Sunidhi Chauhan/Vishal Dadlani,"Sheila Ki Jawani (From ""Tees Maar Khan"")",281.544,P:\Web Development\Audora\frontend\public\songs\covers\Sunidhi_Chauhan__Vishal_Dadlani_-_Sheila_Ki_Jawani__From__Tees_Maar_Khan__.jpg,tags
"Sushin Shyam, Dabzee, Vinayak Sasikumar - Illuminati - From 'Aavesham'.mp3",Sushin Shyam/Dabzee/Vinayak Sasikumar,"Illuminati - From ""Aavesham""",212.568,P:\Web Development\Audora\frontend\public\songs\covers\Sushin_Shyam__Dabzee__Vinayak_Sasikumar_-_Illuminati_-_From__Aavesham_.jpg,tags
Suzonn - Farq hai.mp3,Suzonn,Farq hai,184.128,P:\Web Development\Audora\frontend\public\songs\covers\Suzonn_-_Farq_hai.jpg,tags
"Taaruk Raina, Mismatched - Cast - Kho Gaye.mp3",Taaruk Raina/Mismatched - Cast,Kho Gaye,197.808,P:\Web Development\Audora\frontend\public\songs\covers\Taaruk_Raina__Mismatched_-_Cast_-_Kho_Gaye.jpg,tags
"Talat Mahmood, Lata Mangeshkar - Itna Na Mujhse Tu Pyar Badha.mp3",Talat Mahmood/Lata Mangeshkar,Itna Na Mujhse Tu Pyar Badha,235.368,P:\Web Development\Audora\frontend\public\songs\covers\Talat_Mahmood__Lata_Mangeshkar_-_Itna_Na_Mujhse_Tu_Pyar_Badha.jpg,tags
"Tanishk Bagchi, Dhvani Bhanushali, Rashmi Virag - Leja Re.mp3",Tanishk Bagchi/Dhvani Bhanushali/Rashmi Virag,Leja Re,206.016,P:\Web Development\Audora\frontend\public\songs\covers\Tanishk_Bagchi__Dhvani_Bhanushali__Rashmi_Virag_-_Leja_Re.jpg,tags
"Tanishk Bagchi, Faheem Abdullah, Arslan Nizami, Shreya Ghoshal, Irshad Kamil - Saiyaara Reprise - Female.mp3",Tanishk Bagchi/Faheem Abdullah/Arslan Nizami/Shreya Ghoshal/Irshad Kamil,Saiyaara Reprise - Female,183.12,P:\Web Development\Audora\frontend\public\songs\covers\Tanishk_Bagchi__Faheem_Abdullah__Arslan_Nizami__Shreya_Ghoshal__Irshad_Kamil_-_Saiyaara_Reprise_-_Female.jpg,tags
"Tanishk Bagchi, Jubin Nautiyal, Asees Kaur - Raataan Lambiyan (From 'Shershaah').mp3",Tanishk Bagchi/Jubin Nautiyal/Asees Kaur,"Raataan Lambiyan (From ""Shershaah"")",230.328,P:\Web Development\Audora\frontend\public\songs\covers\Tanishk_Bagchi__Jubin_Nautiyal__Asees_Kaur_-_Raataan_Lambiyan__From__Shershaah__.jpg,tags
"Tanishk Bagchi, Romy, Neeraj Rajawat - Laal Peeli Akhiyaan (From 'Teri Baaton Mein Aisa Uljha Jiya').mp3",Tanishk Bagchi/Romy/Neeraj Rajawat,"Laal Peeli Akhiyaan (From ""Teri Baaton Mein Aisa Uljha Jiya"")",188.136,P:\Web Development\Audora\frontend\public\songs\covers\Tanishk_Bagchi__Romy__Neeraj_Rajawat_-_Laal_Peeli_Akhiyaan__From__Teri_Baaton_Mein_Aisa_Uljha_Jiya__.jpg,tags
"Tanishk Bagchi, Vishal Dadlani, Zahrah S Khan - Har Funn Maula (From 'Koi Jaane Na').mp3",Tanishk Bagchi/Vishal Dadlani/Zahrah S Khan,"Har Funn Maula (From ""Koi Jaane Na"")",247.152,P:\Web Development\Audora\frontend\public\songs\covers\Tanishk_Bagchi__Vishal_Dadlani__Zahrah_S_Khan_-_Har_Funn_Maula__From__Koi_Jaane_Na__.jpg,tags
Taylor Swift - Blank Space.mp3,Taylor Swift,Blank Space,231.864,P:\Web Development\Audora\frontend\public\songs\covers\Taylor_Swift_-_Blank_Space.jpg,tags
Taylor Swift - Cruel Summer.mp3,Taylor Swift,Cruel Summer,178.464,P:\Web Development\Audora\frontend\public\songs\covers\Taylor_Swift_-_Cruel_Summer.jpg,tags
Taylor Swift - Don’t Blame Me.mp3,Taylor Swift,Don’t Blame Me,236.448,P:\Web Development\Audora\frontend\public\songs\covers\Taylor_Swift_-_Don_t_Blame_Me.jpg,tags
Taylor Swift - Lover.mp3,Taylor Swift,Lover,221.352,P:\Web Development\Audora\frontend\public\songs\covers\Taylor_Swift_-_Lover.jpg,tags
Taylor Swift - Shake It Off.mp3,Taylor Swift,Shake It Off,219.24,P:\Web Development\Audora\frontend\public\songs\covers\Taylor_Swift_-_Shake_It_Off.jpg,tags
Taylor Swift - Style.mp3,Taylor Swift,Style,231.024,P:\Web Development\Audora\frontend\public\songs\covers\Taylor_Swift_-_Style.jpg,tags
Taylor Swift - august.mp3,Taylor Swift,august,261.96,P:\Web Development\Audora\frontend\public\songs\covers\Taylor_Swift_-_august.jpg,tags
Taylor Swift - cardigan.mp3,Taylor Swift,cardigan,239.592,P:\Web Development\Audora\frontend\public\songs\covers\Taylor_Swift_-_cardigan.jpg,tags
The Faim - Saints of the Sinners.mp3,The Faim,Saints of the Sinners,183.024,P:\Web Development\Audora\frontend\public\songs\covers\The_Faim_-_Saints_of_the_Sinners.jpg,tags
"The Kid LAROI, Justin Bieber - STAY.mp3",The Kid LAROI/Justin Bieber,STAY,141.84,P:\Web Development\Audora\frontend\public\songs\covers\The_Kid_LAROI__Justin_Bieber_-_STAY.jpg,tags
The Weeknd - Blinding Lights.mp3,The Weeknd,Blinding Lights,201.6,P:\Web Development\Audora\frontend\public\songs\covers\The_Weeknd_-_Blinding_Lights.jpg,tags
The Weeknd - Call Out My Name.mp3,The Weeknd,Call Out My Name,228.408,P:\Web Development\Audora\frontend\public\songs\covers\The_Weeknd_-_Call_Out_My_Name.jpg,tags
The Weeknd - Cry For Me.mp3,The Weeknd,Cry For Me,224.184,P:\Web Development\Audora\frontend\public\songs\covers\The_Weeknd_-_Cry_For_Me.jpg,tags
The Weeknd - Die For You.mp3,The Weeknd,Die For You,260.28,P:\Web Development\Audora\frontend\public\songs\covers\The_Weeknd_-_Die_For_You.jpg,tags
The Weeknd - Save Your Tears.mp3,The Weeknd,Save Your Tears,215.664,P:\Web Development\Audora\frontend\public\songs\covers\The_Weeknd_-_Save_Your_Tears.jpg,tags
The Weeknd - The Hills.mp3,The Weeknd,The Hills,242.28,P:\Web Development\Audora\frontend\public\songs\covers\The_Weeknd_-_The_Hills.jpg,tags
"The Weeknd, Anitta - São Paulo (feat. Anitta) - Single Version.mp3",The Weeknd/Anitta,São Paulo (feat. Anitta) - Single Version,148.896,P:\Web Development\Audora\frontend\public\songs\covers\The_Weeknd__Anitta_-_S_o_Paulo__feat._Anitta__-_Single_Version.jpg,tags
"The Weeknd, Anitta - São Paulo (feat. Anitta).mp3",The Weeknd/Anitta,São Paulo (feat. Anitta),301.656,P:\Web Development\Audora\frontend\public\songs\covers\The_Weeknd__Anitta_-_S_o_Paulo__feat._Anitta_.jpg,tags
"The Weeknd, Doechii, Playboi Carti - Timeless (feat. Playboi Carti & Doechii) - Remix.mp3",The Weeknd/Doechii/Playboi Carti,Timeless (feat. Playboi Carti & Doechii) - Remix,228.024,P:\Web Development\Audora\frontend\public\songs\covers\The_Weeknd__Doechii__Playboi_Carti_-_Timeless__feat._Playboi_Carti___Doechii__-_Remix.jpg,tags
"The Weeknd, Playboi Carti - Timeless (feat Playboi Carti).mp3",The Weeknd/Playboi Carti,Timeless (feat Playboi Carti),256.032,P:\Web Development\Audora\frontend\public\songs\covers\The_Weeknd__Playboi_Carti_-_Timeless__feat_Playboi_Carti_.jpg,tags
Tony Kakkar - Zindagi Bata De.mp3,Tony Kakkar,Zindagi Bata De,155.568,P:\Web Development\Audora\frontend\public\songs\covers\Tony_Kakkar_-_Zindagi_Bata_De.jpg,tags
Travis Scott - 4X4.mp3,Travis Scott,4X4,190.608,P:\Web Development\Audora\frontend\public\songs\covers\Travis_Scott_-_4X4.jpg,tags
Travis Scott - HIGHEST IN THE ROOM.mp3,Travis Scott,HIGHEST IN THE ROOM,175.752,P:\Web Development\Audora\frontend\public\songs\covers\Travis_Scott_-_HIGHEST_IN_THE_ROOM.jpg,tags
Travis Scott - SICKO MODE.mp3,Travis Scott,SICKO MODE,312.864,P:\Web Development\Audora\frontend\public\songs\covers\Travis_Scott_-_SICKO_MODE.jpg,tags
Travis Scott - goosebumps.mp3,Travis Scott,goosebumps,243.864,P:\Web Development\Audora\frontend\public\songs\covers\Travis_Scott_-_goosebumps.jpg,tags
"Travis Scott, Justin Bieber, Young Thug - Maria I'm Drunk (feat. Justin Bieber & Young Thug).mp3",Travis Scott/Justin Bieber/Young Thug,Maria I'm Drunk (feat. Justin Bieber & Young Thug),349.968,P:\Web Development\Audora\frontend\public\songs\covers\Travis_Scott__Justin_Bieber__Young_Thug_-_Maria_I_m_Drunk__feat._Justin_Bieber___Young_Thug_.jpg,tags
"Travis Scott, Kacy Hill - 90210 (feat. Kacy Hill).mp3",Travis Scott/Kacy Hill,90210 (feat. Kacy Hill),339.096,P:\Web Development\Audora\frontend\public\songs\covers\Travis_Scott__Kacy_Hill_-_90210__feat._Kacy_Hill_.jpg,tags
"Travis Scott, Swae Lee, Chief Keef - Nightcrawler (feat. Swae Lee & Chief Keef).mp3",Travis Scott/Swae Lee/Chief Keef,Nightcrawler (feat. Swae Lee & Chief Keef),321.6,P:\Web Development\Audora\frontend\public\songs\covers\Travis_Scott__Swae_Lee__Chief_Keef_-_Nightcrawler__feat._Swae_Lee___Chief_Keef_.jpg,tags
"Udit Narayan, Alka Yagnik - Dil Ne Yeh Kaha Hain Dil Se.mp3",Udit Narayan/Alka Yagnik,Dil Ne Yeh Kaha Hain Dil Se,426.672,P:\Web Development\Audora\frontend\public\songs\covers\Udit_Narayan__Alka_Yagnik_-_Dil_Ne_Yeh_Kaha_Hain_Dil_Se.jpg,tags
"Udit Narayan, Shreya Ghoshal - Jugraafiya - From 'Super 30'.mp3",Udit Narayan/Shreya Ghoshal,"Jugraafiya - From ""Super 30""",274.392,P:\Web Development\Audora\frontend\public\songs\covers\Udit_Narayan__Shreya_Ghoshal_-_Jugraafiya_-_From__Super_30_.jpg,tags
"Uttam Singh, Asha Bhosle, Anand Bakshi - Le Gayi.mp3",Uttam Singh/Asha Bhosle/Anand Bakshi,Le Gayi,341.424,P:\Web Development\Audora\frontend\public\songs\covers\Uttam_Singh__Asha_Bhosle__Anand_Bakshi_-_Le_Gayi.jpg,tags
"Varun Jain, Sachin-Jigar, Shadab Faridi, Altamash Faridi, Amitabh Bhattacharya - Tere Vaaste (From 'Zara Hatke Zara Bachke').mp3",Varun Jain/Sachin-Jigar/Shadab Faridi/Altamash Faridi/Amitabh Bhattacharya,"Tere Vaaste (From ""Zara Hatke Zara Bachke"")",189.168,P:\Web Development\Audora\frontend\public\songs\covers\Varun_Jain__Sachin-Jigar__Shadab_Faridi__Altamash_Faridi__Amitabh_Bhattacharya_-_Tere_Vaaste__From__Zara_Hatke_Zara_Bachke__.jpg,tags
"Vishal Bhardwaj, Rekha Bhardwaj, Rakesh Pandit, Gulzar - Namak.mp3",Vishal Bhardwaj/Rekha Bhardwaj/Rakesh Pandit/Gulzar,Namak,412.944,P:\Web Development\Audora\frontend\public\songs\covers\Vishal_Bhardwaj__Rekha_Bhardwaj__Rakesh_Pandit__Gulzar_-_Namak.jpg,tags
"Vishal Mishra, Raj Shekhar - Pehle Bhi Main.mp3",Vishal Mishra/Raj Shekhar,Pehle Bhi Main,250.2,P:\Web Development\Audora\frontend\public\songs\covers\Vishal_Mishra__Raj_Shekhar_-_Pehle_Bhi_Main.jpg,tags
Vishal-Shekhar - Ishq Sufiyana.mp3,Vishal-Shekhar,Ishq Sufiyana,327.96,P:\Web Development\Audora\frontend\public\songs\covers\Vishal-Shekhar_-_Ishq_Sufiyana.jpg,tags
"Vishal-Shekhar, Abhijeet Srivastava - Chashni.mp3",Vishal-Shekhar/Abhijeet Srivastava,Chashni,266.04,P:\Web Development\Audora\frontend\public\songs\covers\Vishal-Shekhar__Abhijeet_Srivastava_-_Chashni.jpg,tags
"Vishal-Shekhar, Akon, Vishal Dadlani, Shruti Pathak, Kumaar - Criminal.mp3",Vishal-Shekhar/Akon/Vishal Dadlani/Shruti Pathak/Kumaar,Criminal,306.528,P:\Web Development\Audora\frontend\public\songs\covers\Vishal-Shekhar__Akon__Vishal_Dadlani__Shruti_Pathak__Kumaar_-_Criminal.jpg,tags
"Vishal-Shekhar, Amitabh Bhattacharya, Anusha Mani - Tera Rastaa Chhodoon Na.mp3",Vishal-Shekhar/Amitabh Bhattacharya/Anusha Mani,Tera Rastaa Chhodoon Na,253.008,P:\Web Development\Audora\frontend\public\songs\covers\Vishal-Shekhar__Amitabh_Bhattacharya__Anusha_Mani_-_Tera_Rastaa_Chhodoon_Na.jpg,tags
"Vishal-Shekhar, Arijit Singh, Shilpa Rao, Kumaar - Ghungroo (From 'War').mp3",Vishal-Shekhar/Arijit Singh/Shilpa Rao/Kumaar,"Ghungroo (From ""War"")",302.976,P:\Web Development\Audora\frontend\public\songs\covers\Vishal-Shekhar__Arijit_Singh__Shilpa_Rao__Kumaar_-_Ghungroo__From__War__.jpg,tags
"Vishal-Shekhar, Atif Aslam, Irshad Kamil - Dil Diyan Gallan.mp3",Vishal-Shekhar/Atif Aslam/Irshad Kamil,Dil Diyan Gallan,260.568,P:\Web Development\Audora\frontend\public\songs\covers\Vishal-Shekhar__Atif_Aslam__Irshad_Kamil_-_Dil_Diyan_Gallan.jpg,tags
"Vishal-Shekhar, Chinmayi, Shekhar Ravjiani - Zehnaseeb.mp3",Vishal-Shekhar/Chinmayi/Shekhar Ravjiani,Zehnaseeb,217.464,P:\Web Development\Audora\frontend\public\songs\covers\Vishal-Shekhar__Chinmayi__Shekhar_Ravjiani_-_Zehnaseeb.jpg,tags
"Vishal-Shekhar, KK - Ajab Si.mp3",Vishal-Shekhar/KK,Ajab Si,241.704,P:\Web Development\Audora\frontend\public\songs\covers\Vishal-Shekhar__KK_-_Ajab_Si.jpg,tags
"Vishal-Shekhar, KK, Shilpa Rao, Anvita Dutt Guptan - Khuda Jaane.mp3",Vishal-Shekhar/KK/Shilpa Rao/Anvita Dutt Guptan,Khuda Jaane,333.216,P:\Web Development\Audora\frontend\public\songs\covers\Vishal-Shekhar__KK__Shilpa_Rao__Anvita_Dutt_Guptan_-_Khuda_Jaane.jpg,tags
"Vishal-Shekhar, Kamal Khan - Ishq Sufiyana (Male).mp3",Vishal-Shekhar/Kamal Khan,Ishq Sufiyana (Male),324.936,P:\Web Development\Audora\frontend\public\songs\covers\Vishal-Shekhar__Kamal_Khan_-_Ishq_Sufiyana__Male_.jpg,tags
"Vishal-Shekhar, Mohit Chauhan, Shekhar Ravjiani, Shruti Pathak - Tujhe Bhula Diya.mp3",Vishal-Shekhar/Mohit Chauhan/Shekhar Ravjiani/Shruti Pathak,Tujhe Bhula Diya,279.456,P:\Web Development\Audora\frontend\public\songs\covers\Vishal-Shekhar__Mohit_Chauhan__Shekhar_Ravjiani__Shruti_Pathak_-_Tujhe_Bhula_Diya.jpg,tags
"Vishal-Shekhar, Papon, Irshad Kamil - Bulleya.mp3",Vishal-Shekhar/Papon/Irshad Kamil,Bulleya,357.048,P:\Web Development\Audora\frontend\public\songs\covers\Vishal-Shekhar__Papon__Irshad_Kamil_-_Bulleya.jpg,tags
"Vishal-Shekhar, Sanam Puri, Shipra Goyal - Ishq Bulaava.mp3",Vishal-Shekhar/Sanam Puri/Shipra Goyal,Ishq Bulaava,303.672,P:\Web Development\Audora\frontend\public\songs\covers\Vishal-Shekhar__Sanam_Puri__Shipra_Goyal_-_Ishq_Bulaava.jpg,tags
"Vishal-Shekhar, Shaan, Gayatri Iyer, Jaideep Sahni - My Dil Goes Mmmm.mp3",Vishal-Shekhar/Shaan/Gayatri Iyer/Jaideep Sahni,My Dil Goes Mmmm,452.472,P:\Web Development\Audora\frontend\public\songs\covers\Vishal-Shekhar__Shaan__Gayatri_Iyer__Jaideep_Sahni_-_My_Dil_Goes_Mmmm.jpg,tags
"Vishal-Shekhar, Shafqat Amanat Ali, Kumaar - Dildaara (Stand By Me).mp3",Vishal-Shekhar/Shafqat Amanat Ali/Kumaar,Dildaara (Stand By Me),249.696,P:\Web Development\Audora\frontend\public\songs\covers\Vishal-Shekhar__Shafqat_Amanat_Ali__Kumaar_-_Dildaara__Stand_By_Me_.jpg,tags
"Vishal-Shekhar, Shafqat Amanat Ali, Nupur Pant - Manchala.mp3",Vishal-Shekhar/Shafqat Amanat Ali/Nupur Pant,Manchala,227.544,P:\Web Development\Audora\frontend\public\songs\covers\Vishal-Shekhar__Shafqat_Amanat_Ali__Nupur_Pant_-_Manchala.jpg,tags
"Vishal-Shekhar, Shahid Mallya, Nisha Mascarenhas, Marianne D'Cruz Aiman - Kukkad.mp3",Vishal-Shekhar/Shahid Mallya/Nisha Mascarenhas/Marianne D'Cruz Aiman,Kukkad,262.896,P:\Web Development\Audora\frontend\public\songs\covers\Vishal-Shekhar__Shahid_Mallya__Nisha_Mascarenhas__Marianne_D_Cruz_Aiman_-_Kukkad.jpg,tags
"Vishal-Shekhar, Shekhar Ravjiani, Salim Merchant, Neeti Mohan - Ishq Wala Love.mp3",Vishal-Shekhar/Shekhar Ravjiani/Salim Merchant/Neeti Mohan,Ishq Wala Love,258.0,P:\Web Development\Audora\frontend\public\songs\covers\Vishal-Shekhar__Shekhar_Ravjiani__Salim_Merchant__Neeti_Mohan_-_Ishq_Wala_Love.jpg,tags
"Vishal-Shekhar, Vishal Dadlani, Hamsika Iyer - One Two Three Four (Get On The Dance Floor).mp3",Vishal-Shekhar/Vishal Dadlani/Hamsika Iyer,One Two Three Four (Get On The Dance Floor),228.36,P:\Web Development\Audora\frontend\public\songs\covers\Vishal-Shekhar__Vishal_Dadlani__Hamsika_Iyer_-_One_Two_Three_Four__Get_On_The_Dance_Floor_.jpg,tags
"Vishal-Shekhar, Vishal Dadlani, Shekhar Ravjiani - Vele.mp3",Vishal-Shekhar/Vishal Dadlani/Shekhar Ravjiani,Vele,230.592,P:\Web Development\Audora\frontend\public\songs\covers\Vishal-Shekhar__Vishal_Dadlani__Shekhar_Ravjiani_-_Vele.jpg,tags
"Wajid, Labh Janjua, Sneha Pant - Soni De Nakhre.mp3",Wajid/Labh Janjua/Sneha Pant,Soni De Nakhre,258.624,P:\Web Development\Audora\frontend\public\songs\covers\Wajid__Labh_Janjua__Sneha_Pant_-_Soni_De_Nakhre.jpg,tags
"Wajid, Sunidhi Chauhan, Suzanne D'Mello - Right Now Now.mp3",Wajid/Sunidhi Chauhan/Suzanne D'Mello,Right Now Now,246.36,P:\Web Development\Audora\frontend\public\songs\covers\Wajid__Sunidhi_Chauhan__Suzanne_D_Mello_-_Right_Now_Now.jpg,tags
Yashal Shahid - Mere Humsafar (Original Score) [Female Version].mp3,Yashal Shahid,Mere Humsafar (Original Score) [Female Version],351.288,P:\Web Development\Audora\frontend\public\songs\covers\Yashal_Shahid_-_Mere_Humsafar__Original_Score___Female_Version_.jpg,tags
"Yashita Sharma, Manish Kumar Tipu, Farhan Akhtar, Shankar Mahadevan, Sukhwinder Singh - Gallan Goodiyaan.mp3",Yashita Sharma/Manish Kumar Tipu/Farhan Akhtar/Shankar Mahadevan/Sukhwinder Singh,Gallan Goodiyaan,296.544,P:\Web Development\Audora\frontend\public\songs\covers\Yashita_Sharma__Manish_Kumar_Tipu__Farhan_Akhtar__Shankar_Mahadevan__Sukhwinder_Singh_-_Gallan_Goodiyaan.jpg,tags
"Yashraj, Dropped Out, Talwiinder - Dhundhala.mp3",Yashraj/Dropped Out/Talwiinder,Dhundhala,182.424,P:\Web Development\Audora\frontend\public\songs\covers\Yashraj__Dropped_Out__Talwiinder_-_Dhundhala.jpg,tags
Yo Yo Honey Singh - Blue Eyes.mp3,Yo Yo Honey Singh,Blue Eyes,220.968,P:\Web Development\Audora\frontend\public\songs\covers\Yo_Yo_Honey_Singh_-_Blue_Eyes.jpg,tags
Yo Yo Honey Singh - Desi Kalakaar.mp3,Yo Yo Honey Singh,Desi Kalakaar,253.392,P:\Web Development\Audora\frontend\public\songs\covers\Yo_Yo_Honey_Singh_-_Desi_Kalakaar.jpg,tags
Yo Yo Honey Singh - Love Dose.mp3,Yo Yo Honey Singh,Love Dose,224.472,P:\Web Development\Audora\frontend\public\songs\covers\Yo_Yo_Honey_Singh_-_Love_Dose.jpg,tags
Yo Yo Honey Singh - Lungi Dance.mp3,Yo Yo Honey Singh,Lungi Dance,275.424,P:\Web Development\Audora\frontend\public\songs\covers\Yo_Yo_Honey_Singh_-_Lungi_Dance.jpg,tags
Yo Yo Honey Singh - Millionaire.mp3,Yo Yo Honey Singh,Millionaire,199.152,P:\Web Development\Audora\frontend\public\songs\covers\Yo_Yo_Honey_Singh_-_Millionaire.jpg,tags
"Yo Yo Honey Singh, Jasmine Sandlas - Yaar Naa Miley (From 'Kick').mp3",Yo Yo Honey Singh/Jasmine Sandlas,"Yaar Naa Miley (From ""Kick"")",243.24,P:\Web Development\Audora\frontend\public\songs\covers\Yo_Yo_Honey_Singh__Jasmine_Sandlas_-_Yaar_Naa_Miley__From__Kick__.jpg,tags
"Yo Yo Honey Singh, Neha Kakkar - Manali Trance.mp3",Yo Yo Honey Singh/Neha Kakkar,Manali Trance,203.232,P:\Web Development\Audora\frontend\public\songs\covers\Yo_Yo_Honey_Singh__Neha_Kakkar_-_Manali_Trance.jpg,tags
"Yo Yo Honey Singh, Neha Kakkar - Sunny Sunny.mp3",Yo Yo Honey Singh/Neha Kakkar,Sunny Sunny,243.36,P:\Web Development\Audora\frontend\public\songs\covers\Yo_Yo_Honey_Singh__Neha_Kakkar_-_Sunny_Sunny.jpg,tags
"Yo Yo Honey Singh, Neha Kakkar, Navraj Hans, Anand Raj Anand - Chhote Chhote Peg (From 'Sonu Ke Titu Ki Sweety').mp3",Yo Yo Honey Singh/Neha Kakkar/Navraj Hans/Anand Raj Anand,"Chhote Chhote Peg (From ""Sonu Ke Titu Ki Sweety"")",204.216,P:\Web Development\Audora\frontend\public\songs\covers\Yo_Yo_Honey_Singh__Neha_Kakkar__Navraj_Hans__Anand_Raj_Anand_-_Chhote_Chhote_Peg__From__Sonu_Ke_Titu_Ki_Sweety__.jpg,tags
